,TeamA_G_x,TeamA_AB,TeamA_R_x,TeamA_H_x,TeamA_2B,TeamA_3B,TeamA_HR_x,TeamA_RBI,TeamA_BB_x,TeamA_SO_x,TeamA_SB,TeamA_AVG_x,TeamA_OBP,TeamA_SLG,TeamA_OPS,TeamA_W,TeamA_L,TeamA_ERA,TeamA_G_y,TeamA_GS,TeamA_CG,TeamA_SHO,TeamA_SV,TeamA_SVO,TeamA_IP,TeamA_H_y,TeamA_R_y,TeamA_ER,TeamA_HR_y,TeamA_HB,TeamA_BB_y,TeamA_SO_y,TeamA_WHIP,TeamA_AVG_y,TeamB_G_x,TeamB_AB,TeamB_R_x,TeamB_H_x,TeamB_2B,TeamB_3B,TeamB_HR_x,TeamB_RBI,TeamB_BB_x,TeamB_SO_x,TeamB_SB,TeamB_AVG_x,TeamB_OBP,TeamB_SLG,TeamB_OPS,TeamB_W,TeamB_L,TeamB_ERA,TeamB_G_y,TeamB_GS,TeamB_CG,TeamB_SHO,TeamB_SV,TeamB_SVO,TeamB_IP,TeamB_H_y,TeamB_R_y,TeamB_ER,TeamB_HR_y,TeamB_HB,TeamB_BB_y,TeamB_SO_y,TeamB_WHIP,TeamB_AVG_y
42,7248,24283,3224,6139,1190,69,1064,3419,2326,6370.0,165,0.15056818181818182,0.24988636363636366,0.20911363636363636,0.459,413,388,4.671111111111111,3549,749,19,5,67,179,7052.0,6352,3450,3182,879.0,359.0,2711,7490,1.4507407407407409,0.23081481481481483,1260,3688,433,878,151,15,81,376,285,900.0,88,0.24058333333333332,0.3154444444444444,0.33955555555555555,0.6549999999999999,80,106,8.02375,601,234,12,4,22,37,1720.0,1512,820,732,209.0,87.0,667,1613,1.8429166666666668,0.21637499999999998
202,5769,19521,2765,4840,1039,87,760,2657,2460,3799.0,423,0.22316666666666668,0.3619444444444444,0.4385,0.8004444444444444,130,182,2.810769230769231,694,446,2,1,3,8,2642.8,2579,1473,1412,435.0,106.0,1022,2459,1.3853846153846154,0.1793076923076923,4260,14253,1887,3744,726,42,430,1757,1182,2865.0,302,0.30278125,0.37728125,0.41431250000000003,0.79159375,84,79,5.423809523809524,1058,63,0,0,59,112,1318.7,1097,607,544,193.0,63.0,374,1407,1.3823809523809525,0.21733333333333332
345,3460,11163,1505,2710,542,42,442,1533,1204,3344.0,230,0.18175,0.24475,0.2927777777777778,0.5375277777777777,48,53,6.576,476,63,0,0,9,32,790.6,739,441,393,104.0,43.0,331,746,1.8242857142857143,0.20405714285714285,5830,20467,3227,5386,1047,77,990,3023,2479,4507.0,365,0.1837272727272727,0.2634090909090909,0.29227272727272724,0.5556818181818182,99,84,6.430294117647058,1194,47,0,0,92,160,1560.5,1400,810,746,181.0,92.0,675,1564,1.6088235294117648,0.2698235294117647
69,6488,22010,2964,5703,1121,104,828,3039,2005,5127.0,225,0.23582857142857142,0.3150571428571428,0.31994285714285714,0.635,229,186,5.867837837837838,1862,361,2,2,68,141,3544.3,3113,1657,1506,417.0,162.0,1205,3710,1.6994594594594594,0.23516216216216218,1260,3688,433,878,151,15,81,376,285,900.0,88,0.24058333333333332,0.3154444444444444,0.33955555555555555,0.6549999999999999,80,106,8.02375,601,234,12,4,22,37,1720.0,1512,820,732,209.0,87.0,667,1613,1.8429166666666668,0.21637499999999998
92,5837,19035,2601,4691,920,102,743,2573,1831,4965.0,266,0.23971428571428574,0.3502285714285714,0.3880857142857143,0.7383142857142857,273,289,5.2318181818181815,2047,606,4,3,121,178,4716.099999999999,4393,2395,2174,520.0,289.0,1869,4552,1.5618181818181818,0.22577272727272726,4188,13104,1740,3241,645,95,380,1623,1138,3193.0,347,0.2746486486486487,0.37545945945945947,0.4495405405405405,0.825,164,184,4.536296296296296,1528,368,2,0,55,118,3206.9,3051,1590,1466,396.0,136.0,1184,3073,1.4400000000000002,0.2273703703703704
417,4718,15948,2260,3918,801,62,624,2120,1606,4300.0,365,0.27075,0.35655000000000003,0.48557500000000003,0.842125,273,273,7.626744186046511,2043,627,5,2,132,184,4949.2,4547,2438,2245,620.0,189.0,1775,4796,1.9848837209302324,0.24741860465116278,7832,26639,3568,6604,1363,113,999,3456,2338,6376.0,399,0.2319705882352941,0.2686764705882353,0.44867647058823534,0.7173529411764706,383,386,4.823235294117647,2737,973,7,4,54,128,7107.4,6912,3603,3333,899.0,300.0,2412,6619,1.601764705882353,0.2577647058823529
135,5288,16337,2251,4044,807,86,502,1986,1778,4378.0,432,0.28963636363636364,0.39524242424242423,0.45042424242424245,0.8456666666666667,397,379,4.081891891891892,3368,814,8,3,167,274,7027.4,6513,3504,3230,929.0,263.0,2433,6785,1.1608108108108108,0.19954054054054055,4458,14358,1951,3558,737,84,466,1789,1272,3653.0,309,0.1933,0.273525,0.329625,0.6031500000000001,328,339,4.760000000000001,3640,465,3,1,223,389,5813.3,5511,2871,2607,749.0,299.0,2056,5592,1.358148148148148,0.25607407407407407
48,7248,24283,3224,6139,1190,69,1064,3419,2326,6370.0,165,0.15056818181818182,0.24988636363636366,0.20911363636363636,0.459,413,388,4.671111111111111,3549,749,19,5,67,179,7052.0,6352,3450,3182,879.0,359.0,2711,7490,1.4507407407407409,0.23081481481481483,3105,9815,1271,2413,467,58,220,1040,852,2330.0,179,0.26259375,0.33553125,0.38,0.71553125,166,198,4.658095238095238,2274,244,2,1,126,205,3251.5,3049,1739,1579,385.0,224.0,1366,3323,1.4252380952380952,0.23133333333333336
190,5769,19521,2765,4840,1039,87,760,2657,2460,3799.0,423,0.22316666666666668,0.3619444444444444,0.4385,0.8004444444444444,130,182,2.810769230769231,694,446,2,1,3,8,2642.8,2579,1473,1412,435.0,106.0,1022,2459,1.3853846153846154,0.1793076923076923,3460,11163,1505,2710,542,42,442,1533,1204,3344.0,230,0.18175,0.24475,0.2927777777777778,0.5375277777777777,48,53,6.576,476,63,0,0,9,32,790.6,739,441,393,104.0,43.0,331,746,1.8242857142857143,0.20405714285714285
415,4718,15948,2260,3918,801,62,624,2120,1606,4300.0,365,0.27075,0.35655000000000003,0.48557500000000003,0.842125,273,273,7.626744186046511,2043,627,5,2,132,184,4949.2,4547,2438,2245,620.0,189.0,1775,4796,1.9848837209302324,0.24741860465116278,3122,10740,1483,2817,564,49,478,1625,948,2378.0,105,0.20673333333333332,0.3202666666666667,0.36743333333333333,0.6877,237,251,7.533793103448277,1594,527,4,3,102,164,4023.8,3974,2053,1907,547.0,152.0,1256,3521,2.110689655172414,0.27782758620689657
408,7295,25184,3285,6588,1349,100,849,3236,2166,5130.0,256,0.2610277777777778,0.35644444444444445,0.35891666666666666,0.7153611111111111,64,60,4.833793103448276,855,84,0,0,8,32,1252.3999999999999,1201,668,613,157.0,80.0,474,1167,1.5079310344827586,0.22255172413793103,6763,21961,3045,5338,1151,100,880,2887,2260,5770.0,222,0.235,0.33784615384615385,0.39256410256410257,0.7304102564102565,227,202,3.7483333333333335,1360,509,4,3,110,146,3736.9,3444,1788,1644,455.0,149.0,1400,4018,1.2756666666666665,0.21786666666666665
122,3645,12224,1835,3093,677,61,536,1766,1358,3113.0,268,0.23044444444444445,0.3387037037037037,0.35374074074074074,0.6924444444444445,119,139,11.888571428571428,1225,236,2,1,28,66,2256.2,2171,1198,1090,259.0,143.0,949,2193,2.1295238095238096,0.25723809523809527,5063,17139,2331,4369,896,60,672,2339,1555,4311.0,198,0.15724242424242424,0.27454545454545454,0.2493030303030303,0.5238484848484848,55,74,5.291111111111111,816,79,0,0,68,94,1221.6,1208,670,593,173.0,63.0,417,1259,1.5388888888888888,0.21144444444444443
244,7577,23968,3136,5763,1168,77,860,3001,2499,6727.0,390,0.2156764705882353,0.29955882352941177,0.3878823529411765,0.6874411764705882,69,101,5.414285714285714,1073,117,1,1,27,77,1524.8999999999999,1304,816,748,210.0,74.0,793,1500,1.3596428571428572,0.20767857142857143,2869,9622,1172,2440,463,41,258,1105,773,2115.0,239,0.2782222222222222,0.3437777777777778,0.43437037037037035,0.7781481481481483,104,118,5.599090909090909,698,290,1,1,15,41,1943.1999999999998,1940,1041,966,273.0,83.0,692,1675,1.6018181818181818,0.2529090909090909
434,4260,14253,1887,3744,726,42,430,1757,1182,2865.0,302,0.30278125,0.37728125,0.41431250000000003,0.79159375,84,79,5.423809523809524,1058,63,0,0,59,112,1318.7,1097,607,544,193.0,63.0,374,1407,1.3823809523809525,0.21733333333333332,2869,9622,1172,2440,463,41,258,1105,773,2115.0,239,0.2782222222222222,0.3437777777777778,0.43437037037037035,0.7781481481481483,104,118,5.599090909090909,698,290,1,1,15,41,1943.1999999999998,1940,1041,966,273.0,83.0,692,1675,1.6018181818181818,0.2529090909090909
337,1260,3688,433,878,151,15,81,376,285,900.0,88,0.24058333333333332,0.3154444444444444,0.33955555555555555,0.6549999999999999,80,106,8.02375,601,234,12,4,22,37,1720.0,1512,820,732,209.0,87.0,667,1613,1.8429166666666668,0.21637499999999998,4718,15948,2260,3918,801,62,624,2120,1606,4300.0,365,0.27075,0.35655000000000003,0.48557500000000003,0.842125,273,273,7.626744186046511,2043,627,5,2,132,184,4949.2,4547,2438,2245,620.0,189.0,1775,4796,1.9848837209302324,0.24741860465116278
71,6488,22010,2964,5703,1121,104,828,3039,2005,5127.0,225,0.23582857142857142,0.3150571428571428,0.31994285714285714,0.635,229,186,5.867837837837838,1862,361,2,2,68,141,3544.3,3113,1657,1506,417.0,162.0,1205,3710,1.6994594594594594,0.23516216216216218,5063,17139,2331,4369,896,60,672,2339,1555,4311.0,198,0.15724242424242424,0.27454545454545454,0.2493030303030303,0.5238484848484848,55,74,5.291111111111111,816,79,0,0,68,94,1221.6,1208,670,593,173.0,63.0,417,1259,1.5388888888888888,0.21144444444444443
262,3091,9946,1248,2400,459,72,312,1153,794,2712.0,89,0.2808787878787879,0.3413030303030303,0.45812121212121215,0.7994242424242425,111,104,2.555,515,304,2,1,8,12,1875.4,1731,933,872,258.0,77.0,559,1747,1.335,0.22405,4260,14253,1887,3744,726,42,430,1757,1182,2865.0,302,0.30278125,0.37728125,0.41431250000000003,0.79159375,84,79,5.423809523809524,1058,63,0,0,59,112,1318.7,1097,607,544,193.0,63.0,374,1407,1.3823809523809525,0.21733333333333332
265,4033,12347,1650,3020,588,40,463,1685,1302,3233.0,116,0.25892499999999996,0.351225,0.43479999999999996,0.786025,80,78,5.54,1041,100,1,1,18,58,1481.4,1307,760,692,215.0,83.0,665,1471,1.5711538461538461,0.24465384615384614,4023,13809,1710,3435,674,72,404,1615,1207,3384.0,151,0.20815151515151514,0.32093939393939397,0.3199393939393939,0.6408787878787879,220,225,9.83,1091,583,8,5,9,29,3770.6,3666,1941,1792,489.0,195.0,1283,3181,1.8665517241379308,0.23848275862068966
144,5288,16337,2251,4044,807,86,502,1986,1778,4378.0,432,0.28963636363636364,0.39524242424242423,0.45042424242424245,0.8456666666666667,397,379,4.081891891891892,3368,814,8,3,167,274,7027.4,6513,3504,3230,929.0,263.0,2433,6785,1.1608108108108108,0.19954054054054055,1260,3688,433,878,151,15,81,376,285,900.0,88,0.24058333333333332,0.3154444444444444,0.33955555555555555,0.6549999999999999,80,106,8.02375,601,234,12,4,22,37,1720.0,1512,820,732,209.0,87.0,667,1613,1.8429166666666668,0.21637499999999998
349,3460,11163,1505,2710,542,42,442,1533,1204,3344.0,230,0.18175,0.24475,0.2927777777777778,0.5375277777777777,48,53,6.576,476,63,0,0,9,32,790.6,739,441,393,104.0,43.0,331,746,1.8242857142857143,0.20405714285714285,7295,25184,3285,6588,1349,100,849,3236,2166,5130.0,256,0.2610277777777778,0.35644444444444445,0.35891666666666666,0.7153611111111111,64,60,4.833793103448276,855,84,0,0,8,32,1252.3999999999999,1201,668,613,157.0,80.0,474,1167,1.5079310344827586,0.22255172413793103
43,7248,24283,3224,6139,1190,69,1064,3419,2326,6370.0,165,0.15056818181818182,0.24988636363636366,0.20911363636363636,0.459,413,388,4.671111111111111,3549,749,19,5,67,179,7052.0,6352,3450,3182,879.0,359.0,2711,7490,1.4507407407407409,0.23081481481481483,3460,11163,1505,2710,542,42,442,1533,1204,3344.0,230,0.18175,0.24475,0.2927777777777778,0.5375277777777777,48,53,6.576,476,63,0,0,9,32,790.6,739,441,393,104.0,43.0,331,746,1.8242857142857143,0.20405714285714285
385,5173,17617,2686,4616,949,80,778,2588,2041,4610.0,460,0.25245454545454543,0.33196969696969697,0.38663636363636367,0.7186060606060606,313,336,4.427083333333333,1515,833,19,8,14,33,5411.2,5188,2672,2480,642.0,214.0,1847,5371,1.45875,0.25533333333333336,3122,10740,1483,2817,564,49,478,1625,948,2378.0,105,0.20673333333333332,0.3202666666666667,0.36743333333333333,0.6877,237,251,7.533793103448277,1594,527,4,3,102,164,4023.8,3974,2053,1907,547.0,152.0,1256,3521,2.110689655172414,0.27782758620689657
193,5769,19521,2765,4840,1039,87,760,2657,2460,3799.0,423,0.22316666666666668,0.3619444444444444,0.4385,0.8004444444444444,130,182,2.810769230769231,694,446,2,1,3,8,2642.8,2579,1473,1412,435.0,106.0,1022,2459,1.3853846153846154,0.1793076923076923,5173,17617,2686,4616,949,80,778,2588,2041,4610.0,460,0.25245454545454543,0.33196969696969697,0.38663636363636367,0.7186060606060606,313,336,4.427083333333333,1515,833,19,8,14,33,5411.2,5188,2672,2480,642.0,214.0,1847,5371,1.45875,0.25533333333333336
90,5837,19035,2601,4691,920,102,743,2573,1831,4965.0,266,0.23971428571428574,0.3502285714285714,0.3880857142857143,0.7383142857142857,273,289,5.2318181818181815,2047,606,4,3,121,178,4716.099999999999,4393,2395,2174,520.0,289.0,1869,4552,1.5618181818181818,0.22577272727272726,3091,9946,1248,2400,459,72,312,1153,794,2712.0,89,0.2808787878787879,0.3413030303030303,0.45812121212121215,0.7994242424242425,111,104,2.555,515,304,2,1,8,12,1875.4,1731,933,872,258.0,77.0,559,1747,1.335,0.22405
293,4188,13104,1740,3241,645,95,380,1623,1138,3193.0,347,0.2746486486486487,0.37545945945945947,0.4495405405405405,0.825,164,184,4.536296296296296,1528,368,2,0,55,118,3206.9,3051,1590,1466,396.0,136.0,1184,3073,1.4400000000000002,0.2273703703703704,6763,21961,3045,5338,1151,100,880,2887,2260,5770.0,222,0.235,0.33784615384615385,0.39256410256410257,0.7304102564102565,227,202,3.7483333333333335,1360,509,4,3,110,146,3736.9,3444,1788,1644,455.0,149.0,1400,4018,1.2756666666666665,0.21786666666666665
205,4672,14729,1886,3584,736,67,494,1911,1264,4259.0,253,0.2241590909090909,0.2825,0.3693181818181818,0.6518181818181819,287,309,3.572058823529412,2009,676,5,2,89,163,5105.5,5276,2819,2638,689.0,215.0,1787,4263,1.3908823529411765,0.21244117647058824,3091,9946,1248,2400,459,72,312,1153,794,2712.0,89,0.2808787878787879,0.3413030303030303,0.45812121212121215,0.7994242424242425,111,104,2.555,515,304,2,1,8,12,1875.4,1731,933,872,258.0,77.0,559,1747,1.335,0.22405
64,6488,22010,2964,5703,1121,104,828,3039,2005,5127.0,225,0.23582857142857142,0.3150571428571428,0.31994285714285714,0.635,229,186,5.867837837837838,1862,361,2,2,68,141,3544.3,3113,1657,1506,417.0,162.0,1205,3710,1.6994594594594594,0.23516216216216218,3091,9946,1248,2400,459,72,312,1153,794,2712.0,89,0.2808787878787879,0.3413030303030303,0.45812121212121215,0.7994242424242425,111,104,2.555,515,304,2,1,8,12,1875.4,1731,933,872,258.0,77.0,559,1747,1.335,0.22405
229,7577,23968,3136,5763,1168,77,860,3001,2499,6727.0,390,0.2156764705882353,0.29955882352941177,0.3878823529411765,0.6874411764705882,69,101,5.414285714285714,1073,117,1,1,27,77,1524.8999999999999,1304,816,748,210.0,74.0,793,1500,1.3596428571428572,0.20767857142857143,5923,19081,3144,4831,1044,81,868,2787,2462,4550.0,296,0.21283333333333332,0.3476,0.32703333333333334,0.6746333333333333,361,283,4.6284210526315785,3233,519,1,1,307,438,5420.400000000001,4435,2336,2143,593.0,191.0,2195,6212,1.726842105263158,0.2311315789473684
305,4023,13809,1710,3435,674,72,404,1615,1207,3384.0,151,0.20815151515151514,0.32093939393939397,0.3199393939393939,0.6408787878787879,220,225,9.83,1091,583,8,5,9,29,3770.6,3666,1941,1792,489.0,195.0,1283,3181,1.8665517241379308,0.23848275862068966,4878,16791,2298,4251,857,81,710,2382,1606,4411.0,189,0.26233333333333336,0.3793666666666667,0.44126666666666664,0.8206333333333333,56,38,5.9123809523809525,563,73,3,2,5,17,981.6999999999999,997,512,474,128.0,55.0,320,899,1.9119047619047618,0.23347619047619045
400,3105,9815,1271,2413,467,58,220,1040,852,2330.0,179,0.26259375,0.33553125,0.38,0.71553125,166,198,4.658095238095238,2274,244,2,1,126,205,3251.5,3049,1739,1579,385.0,224.0,1366,3323,1.4252380952380952,0.23133333333333336,4718,15948,2260,3918,801,62,624,2120,1606,4300.0,365,0.27075,0.35655000000000003,0.48557500000000003,0.842125,273,273,7.626744186046511,2043,627,5,2,132,184,4949.2,4547,2438,2245,620.0,189.0,1775,4796,1.9848837209302324,0.24741860465116278
413,7295,25184,3285,6588,1349,100,849,3236,2166,5130.0,256,0.2610277777777778,0.35644444444444445,0.35891666666666666,0.7153611111111111,64,60,4.833793103448276,855,84,0,0,8,32,1252.3999999999999,1201,668,613,157.0,80.0,474,1167,1.5079310344827586,0.22255172413793103,2869,9622,1172,2440,463,41,258,1105,773,2115.0,239,0.2782222222222222,0.3437777777777778,0.43437037037037035,0.7781481481481483,104,118,5.599090909090909,698,290,1,1,15,41,1943.1999999999998,1940,1041,966,273.0,83.0,692,1675,1.6018181818181818,0.2529090909090909
327,5923,19081,3144,4831,1044,81,868,2787,2462,4550.0,296,0.21283333333333332,0.3476,0.32703333333333334,0.6746333333333333,361,283,4.6284210526315785,3233,519,1,1,307,438,5420.400000000001,4435,2336,2143,593.0,191.0,2195,6212,1.726842105263158,0.2311315789473684,7832,26639,3568,6604,1363,113,999,3456,2338,6376.0,399,0.2319705882352941,0.2686764705882353,0.44867647058823534,0.7173529411764706,383,386,4.823235294117647,2737,973,7,4,54,128,7107.4,6912,3603,3333,899.0,300.0,2412,6619,1.601764705882353,0.2577647058823529
354,3460,11163,1505,2710,542,42,442,1533,1204,3344.0,230,0.18175,0.24475,0.2927777777777778,0.5375277777777777,48,53,6.576,476,63,0,0,9,32,790.6,739,441,393,104.0,43.0,331,746,1.8242857142857143,0.20405714285714285,7832,26639,3568,6604,1363,113,999,3456,2338,6376.0,399,0.2319705882352941,0.2686764705882353,0.44867647058823534,0.7173529411764706,383,386,4.823235294117647,2737,973,7,4,54,128,7107.4,6912,3603,3333,899.0,300.0,2412,6619,1.601764705882353,0.2577647058823529
275,4033,12347,1650,3020,588,40,463,1685,1302,3233.0,116,0.25892499999999996,0.351225,0.43479999999999996,0.786025,80,78,5.54,1041,100,1,1,18,58,1481.4,1307,760,692,215.0,83.0,665,1471,1.5711538461538461,0.24465384615384614,4718,15948,2260,3918,801,62,624,2120,1606,4300.0,365,0.27075,0.35655000000000003,0.48557500000000003,0.842125,273,273,7.626744186046511,2043,627,5,2,132,184,4949.2,4547,2438,2245,620.0,189.0,1775,4796,1.9848837209302324,0.24741860465116278
381,5173,17617,2686,4616,949,80,778,2588,2041,4610.0,460,0.25245454545454543,0.33196969696969697,0.38663636363636367,0.7186060606060606,313,336,4.427083333333333,1515,833,19,8,14,33,5411.2,5188,2672,2480,642.0,214.0,1847,5371,1.45875,0.25533333333333336,3105,9815,1271,2413,467,58,220,1040,852,2330.0,179,0.26259375,0.33553125,0.38,0.71553125,166,198,4.658095238095238,2274,244,2,1,126,205,3251.5,3049,1739,1579,385.0,224.0,1366,3323,1.4252380952380952,0.23133333333333336
188,5769,19521,2765,4840,1039,87,760,2657,2460,3799.0,423,0.22316666666666668,0.3619444444444444,0.4385,0.8004444444444444,130,182,2.810769230769231,694,446,2,1,3,8,2642.8,2579,1473,1412,435.0,106.0,1022,2459,1.3853846153846154,0.1793076923076923,5923,19081,3144,4831,1044,81,868,2787,2462,4550.0,296,0.21283333333333332,0.3476,0.32703333333333334,0.6746333333333333,361,283,4.6284210526315785,3233,519,1,1,307,438,5420.400000000001,4435,2336,2143,593.0,191.0,2195,6212,1.726842105263158,0.2311315789473684
346,3460,11163,1505,2710,542,42,442,1533,1204,3344.0,230,0.18175,0.24475,0.2927777777777778,0.5375277777777777,48,53,6.576,476,63,0,0,9,32,790.6,739,441,393,104.0,43.0,331,746,1.8242857142857143,0.20405714285714285,5173,17617,2686,4616,949,80,778,2588,2041,4610.0,460,0.25245454545454543,0.33196969696969697,0.38663636363636367,0.7186060606060606,313,336,4.427083333333333,1515,833,19,8,14,33,5411.2,5188,2672,2480,642.0,214.0,1847,5371,1.45875,0.25533333333333336
314,4023,13809,1710,3435,674,72,404,1615,1207,3384.0,151,0.20815151515151514,0.32093939393939397,0.3199393939393939,0.6408787878787879,220,225,9.83,1091,583,8,5,9,29,3770.6,3666,1941,1792,489.0,195.0,1283,3181,1.8665517241379308,0.23848275862068966,2869,9622,1172,2440,463,41,258,1105,773,2115.0,239,0.2782222222222222,0.3437777777777778,0.43437037037037035,0.7781481481481483,104,118,5.599090909090909,698,290,1,1,15,41,1943.1999999999998,1940,1041,966,273.0,83.0,692,1675,1.6018181818181818,0.2529090909090909
195,5769,19521,2765,4840,1039,87,760,2657,2460,3799.0,423,0.22316666666666668,0.3619444444444444,0.4385,0.8004444444444444,130,182,2.810769230769231,694,446,2,1,3,8,2642.8,2579,1473,1412,435.0,106.0,1022,2459,1.3853846153846154,0.1793076923076923,3105,9815,1271,2413,467,58,220,1040,852,2330.0,179,0.26259375,0.33553125,0.38,0.71553125,166,198,4.658095238095238,2274,244,2,1,126,205,3251.5,3049,1739,1579,385.0,224.0,1366,3323,1.4252380952380952,0.23133333333333336
430,3960,12796,1736,3165,634,40,472,1689,1361,3240.0,256,0.1895757575757576,0.26912121212121215,0.25572727272727275,0.5248484848484849,62,75,5.296296296296297,667,97,0,0,28,55,1097.8999999999999,990,602,544,155.0,43.0,492,1127,1.5318518518518518,0.23207407407407407,4260,14253,1887,3744,726,42,430,1757,1182,2865.0,302,0.30278125,0.37728125,0.41431250000000003,0.79159375,84,79,5.423809523809524,1058,63,0,0,59,112,1318.7,1097,607,544,193.0,63.0,374,1407,1.3823809523809525,0.21733333333333332
330,1260,3688,433,878,151,15,81,376,285,900.0,88,0.24058333333333332,0.3154444444444444,0.33955555555555555,0.6549999999999999,80,106,8.02375,601,234,12,4,22,37,1720.0,1512,820,732,209.0,87.0,667,1613,1.8429166666666668,0.21637499999999998,3460,11163,1505,2710,542,42,442,1533,1204,3344.0,230,0.18175,0.24475,0.2927777777777778,0.5375277777777777,48,53,6.576,476,63,0,0,9,32,790.6,739,441,393,104.0,43.0,331,746,1.8242857142857143,0.20405714285714285
41,7248,24283,3224,6139,1190,69,1064,3419,2326,6370.0,165,0.15056818181818182,0.24988636363636366,0.20911363636363636,0.459,413,388,4.671111111111111,3549,749,19,5,67,179,7052.0,6352,3450,3182,879.0,359.0,2711,7490,1.4507407407407409,0.23081481481481483,5923,19081,3144,4831,1044,81,868,2787,2462,4550.0,296,0.21283333333333332,0.3476,0.32703333333333334,0.6746333333333333,361,283,4.6284210526315785,3233,519,1,1,307,438,5420.400000000001,4435,2336,2143,593.0,191.0,2195,6212,1.726842105263158,0.2311315789473684
111,3645,12224,1835,3093,677,61,536,1766,1358,3113.0,268,0.23044444444444445,0.3387037037037037,0.35374074074074074,0.6924444444444445,119,139,11.888571428571428,1225,236,2,1,28,66,2256.2,2171,1198,1090,259.0,143.0,949,2193,2.1295238095238096,0.25723809523809527,4458,14358,1951,3558,737,84,466,1789,1272,3653.0,309,0.1933,0.273525,0.329625,0.6031500000000001,328,339,4.760000000000001,3640,465,3,1,223,389,5813.3,5511,2871,2607,749.0,299.0,2056,5592,1.358148148148148,0.25607407407407407
368,5063,17139,2331,4369,896,60,672,2339,1555,4311.0,198,0.15724242424242424,0.27454545454545454,0.2493030303030303,0.5238484848484848,55,74,5.291111111111111,816,79,0,0,68,94,1221.6,1208,670,593,173.0,63.0,417,1259,1.5388888888888888,0.21144444444444443,2869,9622,1172,2440,463,41,258,1105,773,2115.0,239,0.2782222222222222,0.3437777777777778,0.43437037037037035,0.7781481481481483,104,118,5.599090909090909,698,290,1,1,15,41,1943.1999999999998,1940,1041,966,273.0,83.0,692,1675,1.6018181818181818,0.2529090909090909
339,1260,3688,433,878,151,15,81,376,285,900.0,88,0.24058333333333332,0.3154444444444444,0.33955555555555555,0.6549999999999999,80,106,8.02375,601,234,12,4,22,37,1720.0,1512,820,732,209.0,87.0,667,1613,1.8429166666666668,0.21637499999999998,3122,10740,1483,2817,564,49,478,1625,948,2378.0,105,0.20673333333333332,0.3202666666666667,0.36743333333333333,0.6877,237,251,7.533793103448277,1594,527,4,3,102,164,4023.8,3974,2053,1907,547.0,152.0,1256,3521,2.110689655172414,0.27782758620689657
120,3645,12224,1835,3093,677,61,536,1766,1358,3113.0,268,0.23044444444444445,0.3387037037037037,0.35374074074074074,0.6924444444444445,119,139,11.888571428571428,1225,236,2,1,28,66,2256.2,2171,1198,1090,259.0,143.0,949,2193,2.1295238095238096,0.25723809523809527,1260,3688,433,878,151,15,81,376,285,900.0,88,0.24058333333333332,0.3154444444444444,0.33955555555555555,0.6549999999999999,80,106,8.02375,601,234,12,4,22,37,1720.0,1512,820,732,209.0,87.0,667,1613,1.8429166666666668,0.21637499999999998
338,1260,3688,433,878,151,15,81,376,285,900.0,88,0.24058333333333332,0.3154444444444444,0.33955555555555555,0.6549999999999999,80,106,8.02375,601,234,12,4,22,37,1720.0,1512,820,732,209.0,87.0,667,1613,1.8429166666666668,0.21637499999999998,6763,21961,3045,5338,1151,100,880,2887,2260,5770.0,222,0.235,0.33784615384615385,0.39256410256410257,0.7304102564102565,227,202,3.7483333333333335,1360,509,4,3,110,146,3736.9,3444,1788,1644,455.0,149.0,1400,4018,1.2756666666666665,0.21786666666666665
328,5923,19081,3144,4831,1044,81,868,2787,2462,4550.0,296,0.21283333333333332,0.3476,0.32703333333333334,0.6746333333333333,361,283,4.6284210526315785,3233,519,1,1,307,438,5420.400000000001,4435,2336,2143,593.0,191.0,2195,6212,1.726842105263158,0.2311315789473684,4260,14253,1887,3744,726,42,430,1757,1182,2865.0,302,0.30278125,0.37728125,0.41431250000000003,0.79159375,84,79,5.423809523809524,1058,63,0,0,59,112,1318.7,1097,607,544,193.0,63.0,374,1407,1.3823809523809525,0.21733333333333332
319,5923,19081,3144,4831,1044,81,868,2787,2462,4550.0,296,0.21283333333333332,0.3476,0.32703333333333334,0.6746333333333333,361,283,4.6284210526315785,3233,519,1,1,307,438,5420.400000000001,4435,2336,2143,593.0,191.0,2195,6212,1.726842105263158,0.2311315789473684,5173,17617,2686,4616,949,80,778,2588,2041,4610.0,460,0.25245454545454543,0.33196969696969697,0.38663636363636367,0.7186060606060606,313,336,4.427083333333333,1515,833,19,8,14,33,5411.2,5188,2672,2480,642.0,214.0,1847,5371,1.45875,0.25533333333333336
131,3645,12224,1835,3093,677,61,536,1766,1358,3113.0,268,0.23044444444444445,0.3387037037037037,0.35374074074074074,0.6924444444444445,119,139,11.888571428571428,1225,236,2,1,28,66,2256.2,2171,1198,1090,259.0,143.0,949,2193,2.1295238095238096,0.25723809523809527,3960,12796,1736,3165,634,40,472,1689,1361,3240.0,256,0.1895757575757576,0.26912121212121215,0.25572727272727275,0.5248484848484849,62,75,5.296296296296297,667,97,0,0,28,55,1097.8999999999999,990,602,544,155.0,43.0,492,1127,1.5318518518518518,0.23207407407407407
412,7295,25184,3285,6588,1349,100,849,3236,2166,5130.0,256,0.2610277777777778,0.35644444444444445,0.35891666666666666,0.7153611111111111,64,60,4.833793103448276,855,84,0,0,8,32,1252.3999999999999,1201,668,613,157.0,80.0,474,1167,1.5079310344827586,0.22255172413793103,4260,14253,1887,3744,726,42,430,1757,1182,2865.0,302,0.30278125,0.37728125,0.41431250000000003,0.79159375,84,79,5.423809523809524,1058,63,0,0,59,112,1318.7,1097,607,544,193.0,63.0,374,1407,1.3823809523809525,0.21733333333333332
176,4458,14358,1951,3558,737,84,466,1789,1272,3653.0,309,0.1933,0.273525,0.329625,0.6031500000000001,328,339,4.760000000000001,3640,465,3,1,223,389,5813.3,5511,2871,2607,749.0,299.0,2056,5592,1.358148148148148,0.25607407407407407,6763,21961,3045,5338,1151,100,880,2887,2260,5770.0,222,0.235,0.33784615384615385,0.39256410256410257,0.7304102564102565,227,202,3.7483333333333335,1360,509,4,3,110,146,3736.9,3444,1788,1644,455.0,149.0,1400,4018,1.2756666666666665,0.21786666666666665
416,4718,15948,2260,3918,801,62,624,2120,1606,4300.0,365,0.27075,0.35655000000000003,0.48557500000000003,0.842125,273,273,7.626744186046511,2043,627,5,2,132,184,4949.2,4547,2438,2245,620.0,189.0,1775,4796,1.9848837209302324,0.24741860465116278,3960,12796,1736,3165,634,40,472,1689,1361,3240.0,256,0.1895757575757576,0.26912121212121215,0.25572727272727275,0.5248484848484849,62,75,5.296296296296297,667,97,0,0,28,55,1097.8999999999999,990,602,544,155.0,43.0,492,1127,1.5318518518518518,0.23207407407407407
75,6488,22010,2964,5703,1121,104,828,3039,2005,5127.0,225,0.23582857142857142,0.3150571428571428,0.31994285714285714,0.635,229,186,5.867837837837838,1862,361,2,2,68,141,3544.3,3113,1657,1506,417.0,162.0,1205,3710,1.6994594594594594,0.23516216216216218,3105,9815,1271,2413,467,58,220,1040,852,2330.0,179,0.26259375,0.33553125,0.38,0.71553125,166,198,4.658095238095238,2274,244,2,1,126,205,3251.5,3049,1739,1579,385.0,224.0,1366,3323,1.4252380952380952,0.23133333333333336
7,3153,10370,1263,2585,527,40,340,1295,821,2322.0,94,0.145375,0.24575,0.22028125,0.46603125,86,91,4.5148,867,172,0,0,48,78,1674.8,1494,829,766,203.0,95.0,691,1731,1.4384000000000001,0.19872,4672,14729,1886,3584,736,67,494,1911,1264,4259.0,253,0.2241590909090909,0.2825,0.3693181818181818,0.6518181818181819,287,309,3.572058823529412,2009,676,5,2,89,163,5105.5,5276,2819,2638,689.0,215.0,1787,4263,1.3908823529411765,0.21244117647058824
106,5837,19035,2601,4691,920,102,743,2573,1831,4965.0,266,0.23971428571428574,0.3502285714285714,0.3880857142857143,0.7383142857142857,273,289,5.2318181818181815,2047,606,4,3,121,178,4716.099999999999,4393,2395,2174,520.0,289.0,1869,4552,1.5618181818181818,0.22577272727272726,3960,12796,1736,3165,634,40,472,1689,1361,3240.0,256,0.1895757575757576,0.26912121212121215,0.25572727272727275,0.5248484848484849,62,75,5.296296296296297,667,97,0,0,28,55,1097.8999999999999,990,602,544,155.0,43.0,492,1127,1.5318518518518518,0.23207407407407407
26,3153,10370,1263,2585,527,40,340,1295,821,2322.0,94,0.145375,0.24575,0.22028125,0.46603125,86,91,4.5148,867,172,0,0,48,78,1674.8,1494,829,766,203.0,95.0,691,1731,1.4384000000000001,0.19872,7832,26639,3568,6604,1363,113,999,3456,2338,6376.0,399,0.2319705882352941,0.2686764705882353,0.44867647058823534,0.7173529411764706,383,386,4.823235294117647,2737,973,7,4,54,128,7107.4,6912,3603,3333,899.0,300.0,2412,6619,1.601764705882353,0.2577647058823529
125,3645,12224,1835,3093,677,61,536,1766,1358,3113.0,268,0.23044444444444445,0.3387037037037037,0.35374074074074074,0.6924444444444445,119,139,11.888571428571428,1225,236,2,1,28,66,2256.2,2171,1198,1090,259.0,143.0,949,2193,2.1295238095238096,0.25723809523809527,4878,16791,2298,4251,857,81,710,2382,1606,4411.0,189,0.26233333333333336,0.3793666666666667,0.44126666666666664,0.8206333333333333,56,38,5.9123809523809525,563,73,3,2,5,17,981.6999999999999,997,512,474,128.0,55.0,320,899,1.9119047619047618,0.23347619047619045
167,4458,14358,1951,3558,737,84,466,1789,1272,3653.0,309,0.1933,0.273525,0.329625,0.6031500000000001,328,339,4.760000000000001,3640,465,3,1,223,389,5813.3,5511,2871,2607,749.0,299.0,2056,5592,1.358148148148148,0.25607407407407407,1260,3688,433,878,151,15,81,376,285,900.0,88,0.24058333333333332,0.3154444444444444,0.33955555555555555,0.6549999999999999,80,106,8.02375,601,234,12,4,22,37,1720.0,1512,820,732,209.0,87.0,667,1613,1.8429166666666668,0.21637499999999998
297,4188,13104,1740,3241,645,95,380,1623,1138,3193.0,347,0.2746486486486487,0.37545945945945947,0.4495405405405405,0.825,164,184,4.536296296296296,1528,368,2,0,55,118,3206.9,3051,1590,1466,396.0,136.0,1184,3073,1.4400000000000002,0.2273703703703704,4260,14253,1887,3744,726,42,430,1757,1182,2865.0,302,0.30278125,0.37728125,0.41431250000000003,0.79159375,84,79,5.423809523809524,1058,63,0,0,59,112,1318.7,1097,607,544,193.0,63.0,374,1407,1.3823809523809525,0.21733333333333332
5,3153,10370,1263,2585,527,40,340,1295,821,2322.0,94,0.145375,0.24575,0.22028125,0.46603125,86,91,4.5148,867,172,0,0,48,78,1674.8,1494,829,766,203.0,95.0,691,1731,1.4384000000000001,0.19872,4458,14358,1951,3558,737,84,466,1789,1272,3653.0,309,0.1933,0.273525,0.329625,0.6031500000000001,328,339,4.760000000000001,3640,465,3,1,223,389,5813.3,5511,2871,2607,749.0,299.0,2056,5592,1.358148148148148,0.25607407407407407
139,5288,16337,2251,4044,807,86,502,1986,1778,4378.0,432,0.28963636363636364,0.39524242424242423,0.45042424242424245,0.8456666666666667,397,379,4.081891891891892,3368,814,8,3,167,274,7027.4,6513,3504,3230,929.0,263.0,2433,6785,1.1608108108108108,0.19954054054054055,3091,9946,1248,2400,459,72,312,1153,794,2712.0,89,0.2808787878787879,0.3413030303030303,0.45812121212121215,0.7994242424242425,111,104,2.555,515,304,2,1,8,12,1875.4,1731,933,872,258.0,77.0,559,1747,1.335,0.22405
180,4458,14358,1951,3558,737,84,466,1789,1272,3653.0,309,0.1933,0.273525,0.329625,0.6031500000000001,328,339,4.760000000000001,3640,465,3,1,223,389,5813.3,5511,2871,2607,749.0,299.0,2056,5592,1.358148148148148,0.25607407407407407,4260,14253,1887,3744,726,42,430,1757,1182,2865.0,302,0.30278125,0.37728125,0.41431250000000003,0.79159375,84,79,5.423809523809524,1058,63,0,0,59,112,1318.7,1097,607,544,193.0,63.0,374,1407,1.3823809523809525,0.21733333333333332
258,3091,9946,1248,2400,459,72,312,1153,794,2712.0,89,0.2808787878787879,0.3413030303030303,0.45812121212121215,0.7994242424242425,111,104,2.555,515,304,2,1,8,12,1875.4,1731,933,872,258.0,77.0,559,1747,1.335,0.22405,6763,21961,3045,5338,1151,100,880,2887,2260,5770.0,222,0.235,0.33784615384615385,0.39256410256410257,0.7304102564102565,227,202,3.7483333333333335,1360,509,4,3,110,146,3736.9,3444,1788,1644,455.0,149.0,1400,4018,1.2756666666666665,0.21786666666666665
126,3645,12224,1835,3093,677,61,536,1766,1358,3113.0,268,0.23044444444444445,0.3387037037037037,0.35374074074074074,0.6924444444444445,119,139,11.888571428571428,1225,236,2,1,28,66,2256.2,2171,1198,1090,259.0,143.0,949,2193,2.1295238095238096,0.25723809523809527,3105,9815,1271,2413,467,58,220,1040,852,2330.0,179,0.26259375,0.33553125,0.38,0.71553125,166,198,4.658095238095238,2274,244,2,1,126,205,3251.5,3049,1739,1579,385.0,224.0,1366,3323,1.4252380952380952,0.23133333333333336
231,7577,23968,3136,5763,1168,77,860,3001,2499,6727.0,390,0.2156764705882353,0.29955882352941177,0.3878823529411765,0.6874411764705882,69,101,5.414285714285714,1073,117,1,1,27,77,1524.8999999999999,1304,816,748,210.0,74.0,793,1500,1.3596428571428572,0.20767857142857143,3460,11163,1505,2710,542,42,442,1533,1204,3344.0,230,0.18175,0.24475,0.2927777777777778,0.5375277777777777,48,53,6.576,476,63,0,0,9,32,790.6,739,441,393,104.0,43.0,331,746,1.8242857142857143,0.20405714285714285
3,3153,10370,1263,2585,527,40,340,1295,821,2322.0,94,0.145375,0.24575,0.22028125,0.46603125,86,91,4.5148,867,172,0,0,48,78,1674.8,1494,829,766,203.0,95.0,691,1731,1.4384000000000001,0.19872,3645,12224,1835,3093,677,61,536,1766,1358,3113.0,268,0.23044444444444445,0.3387037037037037,0.35374074074074074,0.6924444444444445,119,139,11.888571428571428,1225,236,2,1,28,66,2256.2,2171,1198,1090,259.0,143.0,949,2193,2.1295238095238096,0.25723809523809527
425,3122,10740,1483,2817,564,49,478,1625,948,2378.0,105,0.20673333333333332,0.3202666666666667,0.36743333333333333,0.6877,237,251,7.533793103448277,1594,527,4,3,102,164,4023.8,3974,2053,1907,547.0,152.0,1256,3521,2.110689655172414,0.27782758620689657,3960,12796,1736,3165,634,40,472,1689,1361,3240.0,256,0.1895757575757576,0.26912121212121215,0.25572727272727275,0.5248484848484849,62,75,5.296296296296297,667,97,0,0,28,55,1097.8999999999999,990,602,544,155.0,43.0,492,1127,1.5318518518518518,0.23207407407407407
321,5923,19081,3144,4831,1044,81,868,2787,2462,4550.0,296,0.21283333333333332,0.3476,0.32703333333333334,0.6746333333333333,361,283,4.6284210526315785,3233,519,1,1,307,438,5420.400000000001,4435,2336,2143,593.0,191.0,2195,6212,1.726842105263158,0.2311315789473684,3105,9815,1271,2413,467,58,220,1040,852,2330.0,179,0.26259375,0.33553125,0.38,0.71553125,166,198,4.658095238095238,2274,244,2,1,126,205,3251.5,3049,1739,1579,385.0,224.0,1366,3323,1.4252380952380952,0.23133333333333336
142,5288,16337,2251,4044,807,86,502,1986,1778,4378.0,432,0.28963636363636364,0.39524242424242423,0.45042424242424245,0.8456666666666667,397,379,4.081891891891892,3368,814,8,3,167,274,7027.4,6513,3504,3230,929.0,263.0,2433,6785,1.1608108108108108,0.19954054054054055,4023,13809,1710,3435,674,72,404,1615,1207,3384.0,151,0.20815151515151514,0.32093939393939397,0.3199393939393939,0.6408787878787879,220,225,9.83,1091,583,8,5,9,29,3770.6,3666,1941,1792,489.0,195.0,1283,3181,1.8665517241379308,0.23848275862068966
308,4023,13809,1710,3435,674,72,404,1615,1207,3384.0,151,0.20815151515151514,0.32093939393939397,0.3199393939393939,0.6408787878787879,220,225,9.83,1091,583,8,5,9,29,3770.6,3666,1941,1792,489.0,195.0,1283,3181,1.8665517241379308,0.23848275862068966,4718,15948,2260,3918,801,62,624,2120,1606,4300.0,365,0.27075,0.35655000000000003,0.48557500000000003,0.842125,273,273,7.626744186046511,2043,627,5,2,132,184,4949.2,4547,2438,2245,620.0,189.0,1775,4796,1.9848837209302324,0.24741860465116278
8,3153,10370,1263,2585,527,40,340,1295,821,2322.0,94,0.145375,0.24575,0.22028125,0.46603125,86,91,4.5148,867,172,0,0,48,78,1674.8,1494,829,766,203.0,95.0,691,1731,1.4384000000000001,0.19872,7577,23968,3136,5763,1168,77,860,3001,2499,6727.0,390,0.2156764705882353,0.29955882352941177,0.3878823529411765,0.6874411764705882,69,101,5.414285714285714,1073,117,1,1,27,77,1524.8999999999999,1304,816,748,210.0,74.0,793,1500,1.3596428571428572,0.20767857142857143
405,3105,9815,1271,2413,467,58,220,1040,852,2330.0,179,0.26259375,0.33553125,0.38,0.71553125,166,198,4.658095238095238,2274,244,2,1,126,205,3251.5,3049,1739,1579,385.0,224.0,1366,3323,1.4252380952380952,0.23133333333333336,4260,14253,1887,3744,726,42,430,1757,1182,2865.0,302,0.30278125,0.37728125,0.41431250000000003,0.79159375,84,79,5.423809523809524,1058,63,0,0,59,112,1318.7,1097,607,544,193.0,63.0,374,1407,1.3823809523809525,0.21733333333333332
290,4188,13104,1740,3241,645,95,380,1623,1138,3193.0,347,0.2746486486486487,0.37545945945945947,0.4495405405405405,0.825,164,184,4.536296296296296,1528,368,2,0,55,118,3206.9,3051,1590,1466,396.0,136.0,1184,3073,1.4400000000000002,0.2273703703703704,3105,9815,1271,2413,467,58,220,1040,852,2330.0,179,0.26259375,0.33553125,0.38,0.71553125,166,198,4.658095238095238,2274,244,2,1,126,205,3251.5,3049,1739,1579,385.0,224.0,1366,3323,1.4252380952380952,0.23133333333333336
200,5769,19521,2765,4840,1039,87,760,2657,2460,3799.0,423,0.22316666666666668,0.3619444444444444,0.4385,0.8004444444444444,130,182,2.810769230769231,694,446,2,1,3,8,2642.8,2579,1473,1412,435.0,106.0,1022,2459,1.3853846153846154,0.1793076923076923,3960,12796,1736,3165,634,40,472,1689,1361,3240.0,256,0.1895757575757576,0.26912121212121215,0.25572727272727275,0.5248484848484849,62,75,5.296296296296297,667,97,0,0,28,55,1097.8999999999999,990,602,544,155.0,43.0,492,1127,1.5318518518518518,0.23207407407407407
222,4672,14729,1886,3584,736,67,494,1911,1264,4259.0,253,0.2241590909090909,0.2825,0.3693181818181818,0.6518181818181819,287,309,3.572058823529412,2009,676,5,2,89,163,5105.5,5276,2819,2638,689.0,215.0,1787,4263,1.3908823529411765,0.21244117647058824,7832,26639,3568,6604,1363,113,999,3456,2338,6376.0,399,0.2319705882352941,0.2686764705882353,0.44867647058823534,0.7173529411764706,383,386,4.823235294117647,2737,973,7,4,54,128,7107.4,6912,3603,3333,899.0,300.0,2412,6619,1.601764705882353,0.2577647058823529
257,3091,9946,1248,2400,459,72,312,1153,794,2712.0,89,0.2808787878787879,0.3413030303030303,0.45812121212121215,0.7994242424242425,111,104,2.555,515,304,2,1,8,12,1875.4,1731,933,872,258.0,77.0,559,1747,1.335,0.22405,4718,15948,2260,3918,801,62,624,2120,1606,4300.0,365,0.27075,0.35655000000000003,0.48557500000000003,0.842125,273,273,7.626744186046511,2043,627,5,2,132,184,4949.2,4547,2438,2245,620.0,189.0,1775,4796,1.9848837209302324,0.24741860465116278
51,7248,24283,3224,6139,1190,69,1064,3419,2326,6370.0,165,0.15056818181818182,0.24988636363636366,0.20911363636363636,0.459,413,388,4.671111111111111,3549,749,19,5,67,179,7052.0,6352,3450,3182,879.0,359.0,2711,7490,1.4507407407407409,0.23081481481481483,6763,21961,3045,5338,1151,100,880,2887,2260,5770.0,222,0.235,0.33784615384615385,0.39256410256410257,0.7304102564102565,227,202,3.7483333333333335,1360,509,4,3,110,146,3736.9,3444,1788,1644,455.0,149.0,1400,4018,1.2756666666666665,0.21786666666666665
80,6488,22010,2964,5703,1121,104,828,3039,2005,5127.0,225,0.23582857142857142,0.3150571428571428,0.31994285714285714,0.635,229,186,5.867837837837838,1862,361,2,2,68,141,3544.3,3113,1657,1506,417.0,162.0,1205,3710,1.6994594594594594,0.23516216216216218,3960,12796,1736,3165,634,40,472,1689,1361,3240.0,256,0.1895757575757576,0.26912121212121215,0.25572727272727275,0.5248484848484849,62,75,5.296296296296297,667,97,0,0,28,55,1097.8999999999999,990,602,544,155.0,43.0,492,1127,1.5318518518518518,0.23207407407407407
99,5837,19035,2601,4691,920,102,743,2573,1831,4965.0,266,0.23971428571428574,0.3502285714285714,0.3880857142857143,0.7383142857142857,273,289,5.2318181818181815,2047,606,4,3,121,178,4716.099999999999,4393,2395,2174,520.0,289.0,1869,4552,1.5618181818181818,0.22577272727272726,5173,17617,2686,4616,949,80,778,2588,2041,4610.0,460,0.25245454545454543,0.33196969696969697,0.38663636363636367,0.7186060606060606,313,336,4.427083333333333,1515,833,19,8,14,33,5411.2,5188,2672,2480,642.0,214.0,1847,5371,1.45875,0.25533333333333336
226,7577,23968,3136,5763,1168,77,860,3001,2499,6727.0,390,0.2156764705882353,0.29955882352941177,0.3878823529411765,0.6874411764705882,69,101,5.414285714285714,1073,117,1,1,27,77,1524.8999999999999,1304,816,748,210.0,74.0,793,1500,1.3596428571428572,0.20767857142857143,4033,12347,1650,3020,588,40,463,1685,1302,3233.0,116,0.25892499999999996,0.351225,0.43479999999999996,0.786025,80,78,5.54,1041,100,1,1,18,58,1481.4,1307,760,692,215.0,83.0,665,1471,1.5711538461538461,0.24465384615384614
407,7295,25184,3285,6588,1349,100,849,3236,2166,5130.0,256,0.2610277777777778,0.35644444444444445,0.35891666666666666,0.7153611111111111,64,60,4.833793103448276,855,84,0,0,8,32,1252.3999999999999,1201,668,613,157.0,80.0,474,1167,1.5079310344827586,0.22255172413793103,4718,15948,2260,3918,801,62,624,2120,1606,4300.0,365,0.27075,0.35655000000000003,0.48557500000000003,0.842125,273,273,7.626744186046511,2043,627,5,2,132,184,4949.2,4547,2438,2245,620.0,189.0,1775,4796,1.9848837209302324,0.24741860465116278
18,3153,10370,1263,2585,527,40,340,1295,821,2322.0,94,0.145375,0.24575,0.22028125,0.46603125,86,91,4.5148,867,172,0,0,48,78,1674.8,1494,829,766,203.0,95.0,691,1731,1.4384000000000001,0.19872,5173,17617,2686,4616,949,80,778,2588,2041,4610.0,460,0.25245454545454543,0.33196969696969697,0.38663636363636367,0.7186060606060606,313,336,4.427083333333333,1515,833,19,8,14,33,5411.2,5188,2672,2480,642.0,214.0,1847,5371,1.45875,0.25533333333333336
423,6763,21961,3045,5338,1151,100,880,2887,2260,5770.0,222,0.235,0.33784615384615385,0.39256410256410257,0.7304102564102565,227,202,3.7483333333333335,1360,509,4,3,110,146,3736.9,3444,1788,1644,455.0,149.0,1400,4018,1.2756666666666665,0.21786666666666665,4260,14253,1887,3744,726,42,430,1757,1182,2865.0,302,0.30278125,0.37728125,0.41431250000000003,0.79159375,84,79,5.423809523809524,1058,63,0,0,59,112,1318.7,1097,607,544,193.0,63.0,374,1407,1.3823809523809525,0.21733333333333332
361,5063,17139,2331,4369,896,60,672,2339,1555,4311.0,198,0.15724242424242424,0.27454545454545454,0.2493030303030303,0.5238484848484848,55,74,5.291111111111111,816,79,0,0,68,94,1221.6,1208,670,593,173.0,63.0,417,1259,1.5388888888888888,0.21144444444444443,7295,25184,3285,6588,1349,100,849,3236,2166,5130.0,256,0.2610277777777778,0.35644444444444445,0.35891666666666666,0.7153611111111111,64,60,4.833793103448276,855,84,0,0,8,32,1252.3999999999999,1201,668,613,157.0,80.0,474,1167,1.5079310344827586,0.22255172413793103
303,4023,13809,1710,3435,674,72,404,1615,1207,3384.0,151,0.20815151515151514,0.32093939393939397,0.3199393939393939,0.6408787878787879,220,225,9.83,1091,583,8,5,9,29,3770.6,3666,1941,1792,489.0,195.0,1283,3181,1.8665517241379308,0.23848275862068966,5830,20467,3227,5386,1047,77,990,3023,2479,4507.0,365,0.1837272727272727,0.2634090909090909,0.29227272727272724,0.5556818181818182,99,84,6.430294117647058,1194,47,0,0,92,160,1560.5,1400,810,746,181.0,92.0,675,1564,1.6088235294117648,0.2698235294117647
419,4718,15948,2260,3918,801,62,624,2120,1606,4300.0,365,0.27075,0.35655000000000003,0.48557500000000003,0.842125,273,273,7.626744186046511,2043,627,5,2,132,184,4949.2,4547,2438,2245,620.0,189.0,1775,4796,1.9848837209302324,0.24741860465116278,2869,9622,1172,2440,463,41,258,1105,773,2115.0,239,0.2782222222222222,0.3437777777777778,0.43437037037037035,0.7781481481481483,104,118,5.599090909090909,698,290,1,1,15,41,1943.1999999999998,1940,1041,966,273.0,83.0,692,1675,1.6018181818181818,0.2529090909090909
348,3460,11163,1505,2710,542,42,442,1533,1204,3344.0,230,0.18175,0.24475,0.2927777777777778,0.5375277777777777,48,53,6.576,476,63,0,0,9,32,790.6,739,441,393,104.0,43.0,331,746,1.8242857142857143,0.20405714285714285,3105,9815,1271,2413,467,58,220,1040,852,2330.0,179,0.26259375,0.33553125,0.38,0.71553125,166,198,4.658095238095238,2274,244,2,1,126,205,3251.5,3049,1739,1579,385.0,224.0,1366,3323,1.4252380952380952,0.23133333333333336
83,6488,22010,2964,5703,1121,104,828,3039,2005,5127.0,225,0.23582857142857142,0.3150571428571428,0.31994285714285714,0.635,229,186,5.867837837837838,1862,361,2,2,68,141,3544.3,3113,1657,1506,417.0,162.0,1205,3710,1.6994594594594594,0.23516216216216218,2869,9622,1172,2440,463,41,258,1105,773,2115.0,239,0.2782222222222222,0.3437777777777778,0.43437037037037035,0.7781481481481483,104,118,5.599090909090909,698,290,1,1,15,41,1943.1999999999998,1940,1041,966,273.0,83.0,692,1675,1.6018181818181818,0.2529090909090909
34,7248,24283,3224,6139,1190,69,1064,3419,2326,6370.0,165,0.15056818181818182,0.24988636363636366,0.20911363636363636,0.459,413,388,4.671111111111111,3549,749,19,5,67,179,7052.0,6352,3450,3182,879.0,359.0,2711,7490,1.4507407407407409,0.23081481481481483,5769,19521,2765,4840,1039,87,760,2657,2460,3799.0,423,0.22316666666666668,0.3619444444444444,0.4385,0.8004444444444444,130,182,2.810769230769231,694,446,2,1,3,8,2642.8,2579,1473,1412,435.0,106.0,1022,2459,1.3853846153846154,0.1793076923076923
31,7248,24283,3224,6139,1190,69,1064,3419,2326,6370.0,165,0.15056818181818182,0.24988636363636366,0.20911363636363636,0.459,413,388,4.671111111111111,3549,749,19,5,67,179,7052.0,6352,3450,3182,879.0,359.0,2711,7490,1.4507407407407409,0.23081481481481483,3645,12224,1835,3093,677,61,536,1766,1358,3113.0,268,0.23044444444444445,0.3387037037037037,0.35374074074074074,0.6924444444444445,119,139,11.888571428571428,1225,236,2,1,28,66,2256.2,2171,1198,1090,259.0,143.0,949,2193,2.1295238095238096,0.25723809523809527
323,5923,19081,3144,4831,1044,81,868,2787,2462,4550.0,296,0.21283333333333332,0.3476,0.32703333333333334,0.6746333333333333,361,283,4.6284210526315785,3233,519,1,1,307,438,5420.400000000001,4435,2336,2143,593.0,191.0,2195,6212,1.726842105263158,0.2311315789473684,4718,15948,2260,3918,801,62,624,2120,1606,4300.0,365,0.27075,0.35655000000000003,0.48557500000000003,0.842125,273,273,7.626744186046511,2043,627,5,2,132,184,4949.2,4547,2438,2245,620.0,189.0,1775,4796,1.9848837209302324,0.24741860465116278
61,6488,22010,2964,5703,1121,104,828,3039,2005,5127.0,225,0.23582857142857142,0.3150571428571428,0.31994285714285714,0.635,229,186,5.867837837837838,1862,361,2,2,68,141,3544.3,3113,1657,1506,417.0,162.0,1205,3710,1.6994594594594594,0.23516216216216218,5769,19521,2765,4840,1039,87,760,2657,2460,3799.0,423,0.22316666666666668,0.3619444444444444,0.4385,0.8004444444444444,130,182,2.810769230769231,694,446,2,1,3,8,2642.8,2579,1473,1412,435.0,106.0,1022,2459,1.3853846153846154,0.1793076923076923
23,3153,10370,1263,2585,527,40,340,1295,821,2322.0,94,0.145375,0.24575,0.22028125,0.46603125,86,91,4.5148,867,172,0,0,48,78,1674.8,1494,829,766,203.0,95.0,691,1731,1.4384000000000001,0.19872,6763,21961,3045,5338,1151,100,880,2887,2260,5770.0,222,0.235,0.33784615384615385,0.39256410256410257,0.7304102564102565,227,202,3.7483333333333335,1360,509,4,3,110,146,3736.9,3444,1788,1644,455.0,149.0,1400,4018,1.2756666666666665,0.21786666666666665
366,5063,17139,2331,4369,896,60,672,2339,1555,4311.0,198,0.15724242424242424,0.27454545454545454,0.2493030303030303,0.5238484848484848,55,74,5.291111111111111,816,79,0,0,68,94,1221.6,1208,670,593,173.0,63.0,417,1259,1.5388888888888888,0.21144444444444443,7832,26639,3568,6604,1363,113,999,3456,2338,6376.0,399,0.2319705882352941,0.2686764705882353,0.44867647058823534,0.7173529411764706,383,386,4.823235294117647,2737,973,7,4,54,128,7107.4,6912,3603,3333,899.0,300.0,2412,6619,1.601764705882353,0.2577647058823529
47,7248,24283,3224,6139,1190,69,1064,3419,2326,6370.0,165,0.15056818181818182,0.24988636363636366,0.20911363636363636,0.459,413,388,4.671111111111111,3549,749,19,5,67,179,7052.0,6352,3450,3182,879.0,359.0,2711,7490,1.4507407407407409,0.23081481481481483,4878,16791,2298,4251,857,81,710,2382,1606,4411.0,189,0.26233333333333336,0.3793666666666667,0.44126666666666664,0.8206333333333333,56,38,5.9123809523809525,563,73,3,2,5,17,981.6999999999999,997,512,474,128.0,55.0,320,899,1.9119047619047618,0.23347619047619045
77,6488,22010,2964,5703,1121,104,828,3039,2005,5127.0,225,0.23582857142857142,0.3150571428571428,0.31994285714285714,0.635,229,186,5.867837837837838,1862,361,2,2,68,141,3544.3,3113,1657,1506,417.0,162.0,1205,3710,1.6994594594594594,0.23516216216216218,4718,15948,2260,3918,801,62,624,2120,1606,4300.0,365,0.27075,0.35655000000000003,0.48557500000000003,0.842125,273,273,7.626744186046511,2043,627,5,2,132,184,4949.2,4547,2438,2245,620.0,189.0,1775,4796,1.9848837209302324,0.24741860465116278
227,7577,23968,3136,5763,1168,77,860,3001,2499,6727.0,390,0.2156764705882353,0.29955882352941177,0.3878823529411765,0.6874411764705882,69,101,5.414285714285714,1073,117,1,1,27,77,1524.8999999999999,1304,816,748,210.0,74.0,793,1500,1.3596428571428572,0.20767857142857143,4188,13104,1740,3241,645,95,380,1623,1138,3193.0,347,0.2746486486486487,0.37545945945945947,0.4495405405405405,0.825,164,184,4.536296296296296,1528,368,2,0,55,118,3206.9,3051,1590,1466,396.0,136.0,1184,3073,1.4400000000000002,0.2273703703703704
402,3105,9815,1271,2413,467,58,220,1040,852,2330.0,179,0.26259375,0.33553125,0.38,0.71553125,166,198,4.658095238095238,2274,244,2,1,126,205,3251.5,3049,1739,1579,385.0,224.0,1366,3323,1.4252380952380952,0.23133333333333336,3122,10740,1483,2817,564,49,478,1625,948,2378.0,105,0.20673333333333332,0.3202666666666667,0.36743333333333333,0.6877,237,251,7.533793103448277,1594,527,4,3,102,164,4023.8,3974,2053,1907,547.0,152.0,1256,3521,2.110689655172414,0.27782758620689657
357,5063,17139,2331,4369,896,60,672,2339,1555,4311.0,198,0.15724242424242424,0.27454545454545454,0.2493030303030303,0.5238484848484848,55,74,5.291111111111111,816,79,0,0,68,94,1221.6,1208,670,593,173.0,63.0,417,1259,1.5388888888888888,0.21144444444444443,5830,20467,3227,5386,1047,77,990,3023,2479,4507.0,365,0.1837272727272727,0.2634090909090909,0.29227272727272724,0.5556818181818182,99,84,6.430294117647058,1194,47,0,0,92,160,1560.5,1400,810,746,181.0,92.0,675,1564,1.6088235294117648,0.2698235294117647
201,5769,19521,2765,4840,1039,87,760,2657,2460,3799.0,423,0.22316666666666668,0.3619444444444444,0.4385,0.8004444444444444,130,182,2.810769230769231,694,446,2,1,3,8,2642.8,2579,1473,1412,435.0,106.0,1022,2459,1.3853846153846154,0.1793076923076923,7832,26639,3568,6604,1363,113,999,3456,2338,6376.0,399,0.2319705882352941,0.2686764705882353,0.44867647058823534,0.7173529411764706,383,386,4.823235294117647,2737,973,7,4,54,128,7107.4,6912,3603,3333,899.0,300.0,2412,6619,1.601764705882353,0.2577647058823529
220,4672,14729,1886,3584,736,67,494,1911,1264,4259.0,253,0.2241590909090909,0.2825,0.3693181818181818,0.6518181818181819,287,309,3.572058823529412,2009,676,5,2,89,163,5105.5,5276,2819,2638,689.0,215.0,1787,4263,1.3908823529411765,0.21244117647058824,3122,10740,1483,2817,564,49,478,1625,948,2378.0,105,0.20673333333333332,0.3202666666666667,0.36743333333333333,0.6877,237,251,7.533793103448277,1594,527,4,3,102,164,4023.8,3974,2053,1907,547.0,152.0,1256,3521,2.110689655172414,0.27782758620689657
317,5923,19081,3144,4831,1044,81,868,2787,2462,4550.0,296,0.21283333333333332,0.3476,0.32703333333333334,0.6746333333333333,361,283,4.6284210526315785,3233,519,1,1,307,438,5420.400000000001,4435,2336,2143,593.0,191.0,2195,6212,1.726842105263158,0.2311315789473684,5063,17139,2331,4369,896,60,672,2339,1555,4311.0,198,0.15724242424242424,0.27454545454545454,0.2493030303030303,0.5238484848484848,55,74,5.291111111111111,816,79,0,0,68,94,1221.6,1208,670,593,173.0,63.0,417,1259,1.5388888888888888,0.21144444444444443
369,5830,20467,3227,5386,1047,77,990,3023,2479,4507.0,365,0.1837272727272727,0.2634090909090909,0.29227272727272724,0.5556818181818182,99,84,6.430294117647058,1194,47,0,0,92,160,1560.5,1400,810,746,181.0,92.0,675,1564,1.6088235294117648,0.2698235294117647,5173,17617,2686,4616,949,80,778,2588,2041,4610.0,460,0.25245454545454543,0.33196969696969697,0.38663636363636367,0.7186060606060606,313,336,4.427083333333333,1515,833,19,8,14,33,5411.2,5188,2672,2480,642.0,214.0,1847,5371,1.45875,0.25533333333333336
88,5837,19035,2601,4691,920,102,743,2573,1831,4965.0,266,0.23971428571428574,0.3502285714285714,0.3880857142857143,0.7383142857142857,273,289,5.2318181818181815,2047,606,4,3,121,178,4716.099999999999,4393,2395,2174,520.0,289.0,1869,4552,1.5618181818181818,0.22577272727272726,4672,14729,1886,3584,736,67,494,1911,1264,4259.0,253,0.2241590909090909,0.2825,0.3693181818181818,0.6518181818181819,287,309,3.572058823529412,2009,676,5,2,89,163,5105.5,5276,2819,2638,689.0,215.0,1787,4263,1.3908823529411765,0.21244117647058824
311,4023,13809,1710,3435,674,72,404,1615,1207,3384.0,151,0.20815151515151514,0.32093939393939397,0.3199393939393939,0.6408787878787879,220,225,9.83,1091,583,8,5,9,29,3770.6,3666,1941,1792,489.0,195.0,1283,3181,1.8665517241379308,0.23848275862068966,3960,12796,1736,3165,634,40,472,1689,1361,3240.0,256,0.1895757575757576,0.26912121212121215,0.25572727272727275,0.5248484848484849,62,75,5.296296296296297,667,97,0,0,28,55,1097.8999999999999,990,602,544,155.0,43.0,492,1127,1.5318518518518518,0.23207407407407407
365,5063,17139,2331,4369,896,60,672,2339,1555,4311.0,198,0.15724242424242424,0.27454545454545454,0.2493030303030303,0.5238484848484848,55,74,5.291111111111111,816,79,0,0,68,94,1221.6,1208,670,593,173.0,63.0,417,1259,1.5388888888888888,0.21144444444444443,3960,12796,1736,3165,634,40,472,1689,1361,3240.0,256,0.1895757575757576,0.26912121212121215,0.25572727272727275,0.5248484848484849,62,75,5.296296296296297,667,97,0,0,28,55,1097.8999999999999,990,602,544,155.0,43.0,492,1127,1.5318518518518518,0.23207407407407407
277,4033,12347,1650,3020,588,40,463,1685,1302,3233.0,116,0.25892499999999996,0.351225,0.43479999999999996,0.786025,80,78,5.54,1041,100,1,1,18,58,1481.4,1307,760,692,215.0,83.0,665,1471,1.5711538461538461,0.24465384615384614,3122,10740,1483,2817,564,49,478,1625,948,2378.0,105,0.20673333333333332,0.3202666666666667,0.36743333333333333,0.6877,237,251,7.533793103448277,1594,527,4,3,102,164,4023.8,3974,2053,1907,547.0,152.0,1256,3521,2.110689655172414,0.27782758620689657
68,6488,22010,2964,5703,1121,104,828,3039,2005,5127.0,225,0.23582857142857142,0.3150571428571428,0.31994285714285714,0.635,229,186,5.867837837837838,1862,361,2,2,68,141,3544.3,3113,1657,1506,417.0,162.0,1205,3710,1.6994594594594594,0.23516216216216218,5923,19081,3144,4831,1044,81,868,2787,2462,4550.0,296,0.21283333333333332,0.3476,0.32703333333333334,0.6746333333333333,361,283,4.6284210526315785,3233,519,1,1,307,438,5420.400000000001,4435,2336,2143,593.0,191.0,2195,6212,1.726842105263158,0.2311315789473684
53,7248,24283,3224,6139,1190,69,1064,3419,2326,6370.0,165,0.15056818181818182,0.24988636363636366,0.20911363636363636,0.459,413,388,4.671111111111111,3549,749,19,5,67,179,7052.0,6352,3450,3182,879.0,359.0,2711,7490,1.4507407407407409,0.23081481481481483,3960,12796,1736,3165,634,40,472,1689,1361,3240.0,256,0.1895757575757576,0.26912121212121215,0.25572727272727275,0.5248484848484849,62,75,5.296296296296297,667,97,0,0,28,55,1097.8999999999999,990,602,544,155.0,43.0,492,1127,1.5318518518518518,0.23207407407407407
38,7248,24283,3224,6139,1190,69,1064,3419,2326,6370.0,165,0.15056818181818182,0.24988636363636366,0.20911363636363636,0.459,413,388,4.671111111111111,3549,749,19,5,67,179,7052.0,6352,3450,3182,879.0,359.0,2711,7490,1.4507407407407409,0.23081481481481483,4033,12347,1650,3020,588,40,463,1685,1302,3233.0,116,0.25892499999999996,0.351225,0.43479999999999996,0.786025,80,78,5.54,1041,100,1,1,18,58,1481.4,1307,760,692,215.0,83.0,665,1471,1.5711538461538461,0.24465384615384614
24,3153,10370,1263,2585,527,40,340,1295,821,2322.0,94,0.145375,0.24575,0.22028125,0.46603125,86,91,4.5148,867,172,0,0,48,78,1674.8,1494,829,766,203.0,95.0,691,1731,1.4384000000000001,0.19872,3122,10740,1483,2817,564,49,478,1625,948,2378.0,105,0.20673333333333332,0.3202666666666667,0.36743333333333333,0.6877,237,251,7.533793103448277,1594,527,4,3,102,164,4023.8,3974,2053,1907,547.0,152.0,1256,3521,2.110689655172414,0.27782758620689657
292,4188,13104,1740,3241,645,95,380,1623,1138,3193.0,347,0.2746486486486487,0.37545945945945947,0.4495405405405405,0.825,164,184,4.536296296296296,1528,368,2,0,55,118,3206.9,3051,1590,1466,396.0,136.0,1184,3073,1.4400000000000002,0.2273703703703704,4718,15948,2260,3918,801,62,624,2120,1606,4300.0,365,0.27075,0.35655000000000003,0.48557500000000003,0.842125,273,273,7.626744186046511,2043,627,5,2,132,184,4949.2,4547,2438,2245,620.0,189.0,1775,4796,1.9848837209302324,0.24741860465116278
56,7248,24283,3224,6139,1190,69,1064,3419,2326,6370.0,165,0.15056818181818182,0.24988636363636366,0.20911363636363636,0.459,413,388,4.671111111111111,3549,749,19,5,67,179,7052.0,6352,3450,3182,879.0,359.0,2711,7490,1.4507407407407409,0.23081481481481483,2869,9622,1172,2440,463,41,258,1105,773,2115.0,239,0.2782222222222222,0.3437777777777778,0.43437037037037035,0.7781481481481483,104,118,5.599090909090909,698,290,1,1,15,41,1943.1999999999998,1940,1041,966,273.0,83.0,692,1675,1.6018181818181818,0.2529090909090909
286,4188,13104,1740,3241,645,95,380,1623,1138,3193.0,347,0.2746486486486487,0.37545945945945947,0.4495405405405405,0.825,164,184,4.536296296296296,1528,368,2,0,55,118,3206.9,3051,1590,1466,396.0,136.0,1184,3073,1.4400000000000002,0.2273703703703704,5063,17139,2331,4369,896,60,672,2339,1555,4311.0,198,0.15724242424242424,0.27454545454545454,0.2493030303030303,0.5238484848484848,55,74,5.291111111111111,816,79,0,0,68,94,1221.6,1208,670,593,173.0,63.0,417,1259,1.5388888888888888,0.21144444444444443
350,3460,11163,1505,2710,542,42,442,1533,1204,3344.0,230,0.18175,0.24475,0.2927777777777778,0.5375277777777777,48,53,6.576,476,63,0,0,9,32,790.6,739,441,393,104.0,43.0,331,746,1.8242857142857143,0.20405714285714285,4718,15948,2260,3918,801,62,624,2120,1606,4300.0,365,0.27075,0.35655000000000003,0.48557500000000003,0.842125,273,273,7.626744186046511,2043,627,5,2,132,184,4949.2,4547,2438,2245,620.0,189.0,1775,4796,1.9848837209302324,0.24741860465116278
263,3091,9946,1248,2400,459,72,312,1153,794,2712.0,89,0.2808787878787879,0.3413030303030303,0.45812121212121215,0.7994242424242425,111,104,2.555,515,304,2,1,8,12,1875.4,1731,933,872,258.0,77.0,559,1747,1.335,0.22405,2869,9622,1172,2440,463,41,258,1105,773,2115.0,239,0.2782222222222222,0.3437777777777778,0.43437037037037035,0.7781481481481483,104,118,5.599090909090909,698,290,1,1,15,41,1943.1999999999998,1940,1041,966,273.0,83.0,692,1675,1.6018181818181818,0.2529090909090909
103,5837,19035,2601,4691,920,102,743,2573,1831,4965.0,266,0.23971428571428574,0.3502285714285714,0.3880857142857143,0.7383142857142857,273,289,5.2318181818181815,2047,606,4,3,121,178,4716.099999999999,4393,2395,2174,520.0,289.0,1869,4552,1.5618181818181818,0.22577272727272726,4718,15948,2260,3918,801,62,624,2120,1606,4300.0,365,0.27075,0.35655000000000003,0.48557500000000003,0.842125,273,273,7.626744186046511,2043,627,5,2,132,184,4949.2,4547,2438,2245,620.0,189.0,1775,4796,1.9848837209302324,0.24741860465116278
401,3105,9815,1271,2413,467,58,220,1040,852,2330.0,179,0.26259375,0.33553125,0.38,0.71553125,166,198,4.658095238095238,2274,244,2,1,126,205,3251.5,3049,1739,1579,385.0,224.0,1366,3323,1.4252380952380952,0.23133333333333336,6763,21961,3045,5338,1151,100,880,2887,2260,5770.0,222,0.235,0.33784615384615385,0.39256410256410257,0.7304102564102565,227,202,3.7483333333333335,1360,509,4,3,110,146,3736.9,3444,1788,1644,455.0,149.0,1400,4018,1.2756666666666665,0.21786666666666665
409,7295,25184,3285,6588,1349,100,849,3236,2166,5130.0,256,0.2610277777777778,0.35644444444444445,0.35891666666666666,0.7153611111111111,64,60,4.833793103448276,855,84,0,0,8,32,1252.3999999999999,1201,668,613,157.0,80.0,474,1167,1.5079310344827586,0.22255172413793103,3122,10740,1483,2817,564,49,478,1625,948,2378.0,105,0.20673333333333332,0.3202666666666667,0.36743333333333333,0.6877,237,251,7.533793103448277,1594,527,4,3,102,164,4023.8,3974,2053,1907,547.0,152.0,1256,3521,2.110689655172414,0.27782758620689657
320,5923,19081,3144,4831,1044,81,868,2787,2462,4550.0,296,0.21283333333333332,0.3476,0.32703333333333334,0.6746333333333333,361,283,4.6284210526315785,3233,519,1,1,307,438,5420.400000000001,4435,2336,2143,593.0,191.0,2195,6212,1.726842105263158,0.2311315789473684,4878,16791,2298,4251,857,81,710,2382,1606,4411.0,189,0.26233333333333336,0.3793666666666667,0.44126666666666664,0.8206333333333333,56,38,5.9123809523809525,563,73,3,2,5,17,981.6999999999999,997,512,474,128.0,55.0,320,899,1.9119047619047618,0.23347619047619045
360,5063,17139,2331,4369,896,60,672,2339,1555,4311.0,198,0.15724242424242424,0.27454545454545454,0.2493030303030303,0.5238484848484848,55,74,5.291111111111111,816,79,0,0,68,94,1221.6,1208,670,593,173.0,63.0,417,1259,1.5388888888888888,0.21144444444444443,3105,9815,1271,2413,467,58,220,1040,852,2330.0,179,0.26259375,0.33553125,0.38,0.71553125,166,198,4.658095238095238,2274,244,2,1,126,205,3251.5,3049,1739,1579,385.0,224.0,1366,3323,1.4252380952380952,0.23133333333333336
161,4458,14358,1951,3558,737,84,466,1789,1272,3653.0,309,0.1933,0.273525,0.329625,0.6031500000000001,328,339,4.760000000000001,3640,465,3,1,223,389,5813.3,5511,2871,2607,749.0,299.0,2056,5592,1.358148148148148,0.25607407407407407,7577,23968,3136,5763,1168,77,860,3001,2499,6727.0,390,0.2156764705882353,0.29955882352941177,0.3878823529411765,0.6874411764705882,69,101,5.414285714285714,1073,117,1,1,27,77,1524.8999999999999,1304,816,748,210.0,74.0,793,1500,1.3596428571428572,0.20767857142857143
117,3645,12224,1835,3093,677,61,536,1766,1358,3113.0,268,0.23044444444444445,0.3387037037037037,0.35374074074074074,0.6924444444444445,119,139,11.888571428571428,1225,236,2,1,28,66,2256.2,2171,1198,1090,259.0,143.0,949,2193,2.1295238095238096,0.25723809523809527,4188,13104,1740,3241,645,95,380,1623,1138,3193.0,347,0.2746486486486487,0.37545945945945947,0.4495405405405405,0.825,164,184,4.536296296296296,1528,368,2,0,55,118,3206.9,3051,1590,1466,396.0,136.0,1184,3073,1.4400000000000002,0.2273703703703704
364,5063,17139,2331,4369,896,60,672,2339,1555,4311.0,198,0.15724242424242424,0.27454545454545454,0.2493030303030303,0.5238484848484848,55,74,5.291111111111111,816,79,0,0,68,94,1221.6,1208,670,593,173.0,63.0,417,1259,1.5388888888888888,0.21144444444444443,3122,10740,1483,2817,564,49,478,1625,948,2378.0,105,0.20673333333333332,0.3202666666666667,0.36743333333333333,0.6877,237,251,7.533793103448277,1594,527,4,3,102,164,4023.8,3974,2053,1907,547.0,152.0,1256,3521,2.110689655172414,0.27782758620689657
288,4188,13104,1740,3241,645,95,380,1623,1138,3193.0,347,0.2746486486486487,0.37545945945945947,0.4495405405405405,0.825,164,184,4.536296296296296,1528,368,2,0,55,118,3206.9,3051,1590,1466,396.0,136.0,1184,3073,1.4400000000000002,0.2273703703703704,5173,17617,2686,4616,949,80,778,2588,2041,4610.0,460,0.25245454545454543,0.33196969696969697,0.38663636363636367,0.7186060606060606,313,336,4.427083333333333,1515,833,19,8,14,33,5411.2,5188,2672,2480,642.0,214.0,1847,5371,1.45875,0.25533333333333336
157,5288,16337,2251,4044,807,86,502,1986,1778,4378.0,432,0.28963636363636364,0.39524242424242423,0.45042424242424245,0.8456666666666667,397,379,4.081891891891892,3368,814,8,3,167,274,7027.4,6513,3504,3230,929.0,263.0,2433,6785,1.1608108108108108,0.19954054054054055,4260,14253,1887,3744,726,42,430,1757,1182,2865.0,302,0.30278125,0.37728125,0.41431250000000003,0.79159375,84,79,5.423809523809524,1058,63,0,0,59,112,1318.7,1097,607,544,193.0,63.0,374,1407,1.3823809523809525,0.21733333333333332
22,3153,10370,1263,2585,527,40,340,1295,821,2322.0,94,0.145375,0.24575,0.22028125,0.46603125,86,91,4.5148,867,172,0,0,48,78,1674.8,1494,829,766,203.0,95.0,691,1731,1.4384000000000001,0.19872,4718,15948,2260,3918,801,62,624,2120,1606,4300.0,365,0.27075,0.35655000000000003,0.48557500000000003,0.842125,273,273,7.626744186046511,2043,627,5,2,132,184,4949.2,4547,2438,2245,620.0,189.0,1775,4796,1.9848837209302324,0.24741860465116278
191,5769,19521,2765,4840,1039,87,760,2657,2460,3799.0,423,0.22316666666666668,0.3619444444444444,0.4385,0.8004444444444444,130,182,2.810769230769231,694,446,2,1,3,8,2642.8,2579,1473,1412,435.0,106.0,1022,2459,1.3853846153846154,0.1793076923076923,5063,17139,2331,4369,896,60,672,2339,1555,4311.0,198,0.15724242424242424,0.27454545454545454,0.2493030303030303,0.5238484848484848,55,74,5.291111111111111,816,79,0,0,68,94,1221.6,1208,670,593,173.0,63.0,417,1259,1.5388888888888888,0.21144444444444443
298,4188,13104,1740,3241,645,95,380,1623,1138,3193.0,347,0.2746486486486487,0.37545945945945947,0.4495405405405405,0.825,164,184,4.536296296296296,1528,368,2,0,55,118,3206.9,3051,1590,1466,396.0,136.0,1184,3073,1.4400000000000002,0.2273703703703704,2869,9622,1172,2440,463,41,258,1105,773,2115.0,239,0.2782222222222222,0.3437777777777778,0.43437037037037035,0.7781481481481483,104,118,5.599090909090909,698,290,1,1,15,41,1943.1999999999998,1940,1041,966,273.0,83.0,692,1675,1.6018181818181818,0.2529090909090909
283,4188,13104,1740,3241,645,95,380,1623,1138,3193.0,347,0.2746486486486487,0.37545945945945947,0.4495405405405405,0.825,164,184,4.536296296296296,1528,368,2,0,55,118,3206.9,3051,1590,1466,396.0,136.0,1184,3073,1.4400000000000002,0.2273703703703704,5923,19081,3144,4831,1044,81,868,2787,2462,4550.0,296,0.21283333333333332,0.3476,0.32703333333333334,0.6746333333333333,361,283,4.6284210526315785,3233,519,1,1,307,438,5420.400000000001,4435,2336,2143,593.0,191.0,2195,6212,1.726842105263158,0.2311315789473684
363,5063,17139,2331,4369,896,60,672,2339,1555,4311.0,198,0.15724242424242424,0.27454545454545454,0.2493030303030303,0.5238484848484848,55,74,5.291111111111111,816,79,0,0,68,94,1221.6,1208,670,593,173.0,63.0,417,1259,1.5388888888888888,0.21144444444444443,6763,21961,3045,5338,1151,100,880,2887,2260,5770.0,222,0.235,0.33784615384615385,0.39256410256410257,0.7304102564102565,227,202,3.7483333333333335,1360,509,4,3,110,146,3736.9,3444,1788,1644,455.0,149.0,1400,4018,1.2756666666666665,0.21786666666666665
329,5923,19081,3144,4831,1044,81,868,2787,2462,4550.0,296,0.21283333333333332,0.3476,0.32703333333333334,0.6746333333333333,361,283,4.6284210526315785,3233,519,1,1,307,438,5420.400000000001,4435,2336,2143,593.0,191.0,2195,6212,1.726842105263158,0.2311315789473684,2869,9622,1172,2440,463,41,258,1105,773,2115.0,239,0.2782222222222222,0.3437777777777778,0.43437037037037035,0.7781481481481483,104,118,5.599090909090909,698,290,1,1,15,41,1943.1999999999998,1940,1041,966,273.0,83.0,692,1675,1.6018181818181818,0.2529090909090909
32,7248,24283,3224,6139,1190,69,1064,3419,2326,6370.0,165,0.15056818181818182,0.24988636363636366,0.20911363636363636,0.459,413,388,4.671111111111111,3549,749,19,5,67,179,7052.0,6352,3450,3182,879.0,359.0,2711,7490,1.4507407407407409,0.23081481481481483,5288,16337,2251,4044,807,86,502,1986,1778,4378.0,432,0.28963636363636364,0.39524242424242423,0.45042424242424245,0.8456666666666667,397,379,4.081891891891892,3368,814,8,3,167,274,7027.4,6513,3504,3230,929.0,263.0,2433,6785,1.1608108108108108,0.19954054054054055
382,5173,17617,2686,4616,949,80,778,2588,2041,4610.0,460,0.25245454545454543,0.33196969696969697,0.38663636363636367,0.7186060606060606,313,336,4.427083333333333,1515,833,19,8,14,33,5411.2,5188,2672,2480,642.0,214.0,1847,5371,1.45875,0.25533333333333336,7295,25184,3285,6588,1349,100,849,3236,2166,5130.0,256,0.2610277777777778,0.35644444444444445,0.35891666666666666,0.7153611111111111,64,60,4.833793103448276,855,84,0,0,8,32,1252.3999999999999,1201,668,613,157.0,80.0,474,1167,1.5079310344827586,0.22255172413793103
268,4033,12347,1650,3020,588,40,463,1685,1302,3233.0,116,0.25892499999999996,0.351225,0.43479999999999996,0.786025,80,78,5.54,1041,100,1,1,18,58,1481.4,1307,760,692,215.0,83.0,665,1471,1.5711538461538461,0.24465384615384614,3460,11163,1505,2710,542,42,442,1533,1204,3344.0,230,0.18175,0.24475,0.2927777777777778,0.5375277777777777,48,53,6.576,476,63,0,0,9,32,790.6,739,441,393,104.0,43.0,331,746,1.8242857142857143,0.20405714285714285
151,5288,16337,2251,4044,807,86,502,1986,1778,4378.0,432,0.28963636363636364,0.39524242424242423,0.45042424242424245,0.8456666666666667,397,379,4.081891891891892,3368,814,8,3,167,274,7027.4,6513,3504,3230,929.0,263.0,2433,6785,1.1608108108108108,0.19954054054054055,7295,25184,3285,6588,1349,100,849,3236,2166,5130.0,256,0.2610277777777778,0.35644444444444445,0.35891666666666666,0.7153611111111111,64,60,4.833793103448276,855,84,0,0,8,32,1252.3999999999999,1201,668,613,157.0,80.0,474,1167,1.5079310344827586,0.22255172413793103
30,7248,24283,3224,6139,1190,69,1064,3419,2326,6370.0,165,0.15056818181818182,0.24988636363636366,0.20911363636363636,0.459,413,388,4.671111111111111,3549,749,19,5,67,179,7052.0,6352,3450,3182,879.0,359.0,2711,7490,1.4507407407407409,0.23081481481481483,5837,19035,2601,4691,920,102,743,2573,1831,4965.0,266,0.23971428571428574,0.3502285714285714,0.3880857142857143,0.7383142857142857,273,289,5.2318181818181815,2047,606,4,3,121,178,4716.099999999999,4393,2395,2174,520.0,289.0,1869,4552,1.5618181818181818,0.22577272727272726
4,3153,10370,1263,2585,527,40,340,1295,821,2322.0,94,0.145375,0.24575,0.22028125,0.46603125,86,91,4.5148,867,172,0,0,48,78,1674.8,1494,829,766,203.0,95.0,691,1731,1.4384000000000001,0.19872,5288,16337,2251,4044,807,86,502,1986,1778,4378.0,432,0.28963636363636364,0.39524242424242423,0.45042424242424245,0.8456666666666667,397,379,4.081891891891892,3368,814,8,3,167,274,7027.4,6513,3504,3230,929.0,263.0,2433,6785,1.1608108108108108,0.19954054054054055
316,5923,19081,3144,4831,1044,81,868,2787,2462,4550.0,296,0.21283333333333332,0.3476,0.32703333333333334,0.6746333333333333,361,283,4.6284210526315785,3233,519,1,1,307,438,5420.400000000001,4435,2336,2143,593.0,191.0,2195,6212,1.726842105263158,0.2311315789473684,3460,11163,1505,2710,542,42,442,1533,1204,3344.0,230,0.18175,0.24475,0.2927777777777778,0.5375277777777777,48,53,6.576,476,63,0,0,9,32,790.6,739,441,393,104.0,43.0,331,746,1.8242857142857143,0.20405714285714285
63,6488,22010,2964,5703,1121,104,828,3039,2005,5127.0,225,0.23582857142857142,0.3150571428571428,0.31994285714285714,0.635,229,186,5.867837837837838,1862,361,2,2,68,141,3544.3,3113,1657,1506,417.0,162.0,1205,3710,1.6994594594594594,0.23516216216216218,7577,23968,3136,5763,1168,77,860,3001,2499,6727.0,390,0.2156764705882353,0.29955882352941177,0.3878823529411765,0.6874411764705882,69,101,5.414285714285714,1073,117,1,1,27,77,1524.8999999999999,1304,816,748,210.0,74.0,793,1500,1.3596428571428572,0.20767857142857143
428,3122,10740,1483,2817,564,49,478,1625,948,2378.0,105,0.20673333333333332,0.3202666666666667,0.36743333333333333,0.6877,237,251,7.533793103448277,1594,527,4,3,102,164,4023.8,3974,2053,1907,547.0,152.0,1256,3521,2.110689655172414,0.27782758620689657,2869,9622,1172,2440,463,41,258,1105,773,2115.0,239,0.2782222222222222,0.3437777777777778,0.43437037037037035,0.7781481481481483,104,118,5.599090909090909,698,290,1,1,15,41,1943.1999999999998,1940,1041,966,273.0,83.0,692,1675,1.6018181818181818,0.2529090909090909
133,3645,12224,1835,3093,677,61,536,1766,1358,3113.0,268,0.23044444444444445,0.3387037037037037,0.35374074074074074,0.6924444444444445,119,139,11.888571428571428,1225,236,2,1,28,66,2256.2,2171,1198,1090,259.0,143.0,949,2193,2.1295238095238096,0.25723809523809527,4260,14253,1887,3744,726,42,430,1757,1182,2865.0,302,0.30278125,0.37728125,0.41431250000000003,0.79159375,84,79,5.423809523809524,1058,63,0,0,59,112,1318.7,1097,607,544,193.0,63.0,374,1407,1.3823809523809525,0.21733333333333332
359,5063,17139,2331,4369,896,60,672,2339,1555,4311.0,198,0.15724242424242424,0.27454545454545454,0.2493030303030303,0.5238484848484848,55,74,5.291111111111111,816,79,0,0,68,94,1221.6,1208,670,593,173.0,63.0,417,1259,1.5388888888888888,0.21144444444444443,4878,16791,2298,4251,857,81,710,2382,1606,4411.0,189,0.26233333333333336,0.3793666666666667,0.44126666666666664,0.8206333333333333,56,38,5.9123809523809525,563,73,3,2,5,17,981.6999999999999,997,512,474,128.0,55.0,320,899,1.9119047619047618,0.23347619047619045
304,4023,13809,1710,3435,674,72,404,1615,1207,3384.0,151,0.20815151515151514,0.32093939393939397,0.3199393939393939,0.6408787878787879,220,225,9.83,1091,583,8,5,9,29,3770.6,3666,1941,1792,489.0,195.0,1283,3181,1.8665517241379308,0.23848275862068966,5173,17617,2686,4616,949,80,778,2588,2041,4610.0,460,0.25245454545454543,0.33196969696969697,0.38663636363636367,0.7186060606060606,313,336,4.427083333333333,1515,833,19,8,14,33,5411.2,5188,2672,2480,642.0,214.0,1847,5371,1.45875,0.25533333333333336
224,4672,14729,1886,3584,736,67,494,1911,1264,4259.0,253,0.2241590909090909,0.2825,0.3693181818181818,0.6518181818181819,287,309,3.572058823529412,2009,676,5,2,89,163,5105.5,5276,2819,2638,689.0,215.0,1787,4263,1.3908823529411765,0.21244117647058824,2869,9622,1172,2440,463,41,258,1105,773,2115.0,239,0.2782222222222222,0.3437777777777778,0.43437037037037035,0.7781481481481483,104,118,5.599090909090909,698,290,1,1,15,41,1943.1999999999998,1940,1041,966,273.0,83.0,692,1675,1.6018181818181818,0.2529090909090909
249,3091,9946,1248,2400,459,72,312,1153,794,2712.0,89,0.2808787878787879,0.3413030303030303,0.45812121212121215,0.7994242424242425,111,104,2.555,515,304,2,1,8,12,1875.4,1731,933,872,258.0,77.0,559,1747,1.335,0.22405,1260,3688,433,878,151,15,81,376,285,900.0,88,0.24058333333333332,0.3154444444444444,0.33955555555555555,0.6549999999999999,80,106,8.02375,601,234,12,4,22,37,1720.0,1512,820,732,209.0,87.0,667,1613,1.8429166666666668,0.21637499999999998
94,5837,19035,2601,4691,920,102,743,2573,1831,4965.0,266,0.23971428571428574,0.3502285714285714,0.3880857142857143,0.7383142857142857,273,289,5.2318181818181815,2047,606,4,3,121,178,4716.099999999999,4393,2395,2174,520.0,289.0,1869,4552,1.5618181818181818,0.22577272727272726,5923,19081,3144,4831,1044,81,868,2787,2462,4550.0,296,0.21283333333333332,0.3476,0.32703333333333334,0.6746333333333333,361,283,4.6284210526315785,3233,519,1,1,307,438,5420.400000000001,4435,2336,2143,593.0,191.0,2195,6212,1.726842105263158,0.2311315789473684
62,6488,22010,2964,5703,1121,104,828,3039,2005,5127.0,225,0.23582857142857142,0.3150571428571428,0.31994285714285714,0.635,229,186,5.867837837837838,1862,361,2,2,68,141,3544.3,3113,1657,1506,417.0,162.0,1205,3710,1.6994594594594594,0.23516216216216218,4672,14729,1886,3584,736,67,494,1911,1264,4259.0,253,0.2241590909090909,0.2825,0.3693181818181818,0.6518181818181819,287,309,3.572058823529412,2009,676,5,2,89,163,5105.5,5276,2819,2638,689.0,215.0,1787,4263,1.3908823529411765,0.21244117647058824
143,5288,16337,2251,4044,807,86,502,1986,1778,4378.0,432,0.28963636363636364,0.39524242424242423,0.45042424242424245,0.8456666666666667,397,379,4.081891891891892,3368,814,8,3,167,274,7027.4,6513,3504,3230,929.0,263.0,2433,6785,1.1608108108108108,0.19954054054054055,5923,19081,3144,4831,1044,81,868,2787,2462,4550.0,296,0.21283333333333332,0.3476,0.32703333333333334,0.6746333333333333,361,283,4.6284210526315785,3233,519,1,1,307,438,5420.400000000001,4435,2336,2143,593.0,191.0,2195,6212,1.726842105263158,0.2311315789473684
294,4188,13104,1740,3241,645,95,380,1623,1138,3193.0,347,0.2746486486486487,0.37545945945945947,0.4495405405405405,0.825,164,184,4.536296296296296,1528,368,2,0,55,118,3206.9,3051,1590,1466,396.0,136.0,1184,3073,1.4400000000000002,0.2273703703703704,3122,10740,1483,2817,564,49,478,1625,948,2378.0,105,0.20673333333333332,0.3202666666666667,0.36743333333333333,0.6877,237,251,7.533793103448277,1594,527,4,3,102,164,4023.8,3974,2053,1907,547.0,152.0,1256,3521,2.110689655172414,0.27782758620689657
250,3091,9946,1248,2400,459,72,312,1153,794,2712.0,89,0.2808787878787879,0.3413030303030303,0.45812121212121215,0.7994242424242425,111,104,2.555,515,304,2,1,8,12,1875.4,1731,933,872,258.0,77.0,559,1747,1.335,0.22405,3460,11163,1505,2710,542,42,442,1533,1204,3344.0,230,0.18175,0.24475,0.2927777777777778,0.5375277777777777,48,53,6.576,476,63,0,0,9,32,790.6,739,441,393,104.0,43.0,331,746,1.8242857142857143,0.20405714285714285
10,3153,10370,1263,2585,527,40,340,1295,821,2322.0,94,0.145375,0.24575,0.22028125,0.46603125,86,91,4.5148,867,172,0,0,48,78,1674.8,1494,829,766,203.0,95.0,691,1731,1.4384000000000001,0.19872,4033,12347,1650,3020,588,40,463,1685,1302,3233.0,116,0.25892499999999996,0.351225,0.43479999999999996,0.786025,80,78,5.54,1041,100,1,1,18,58,1481.4,1307,760,692,215.0,83.0,665,1471,1.5711538461538461,0.24465384615384614
164,4458,14358,1951,3558,737,84,466,1789,1272,3653.0,309,0.1933,0.273525,0.329625,0.6031500000000001,328,339,4.760000000000001,3640,465,3,1,223,389,5813.3,5511,2871,2607,749.0,299.0,2056,5592,1.358148148148148,0.25607407407407407,4188,13104,1740,3241,645,95,380,1623,1138,3193.0,347,0.2746486486486487,0.37545945945945947,0.4495405405405405,0.825,164,184,4.536296296296296,1528,368,2,0,55,118,3206.9,3051,1590,1466,396.0,136.0,1184,3073,1.4400000000000002,0.2273703703703704
209,4672,14729,1886,3584,736,67,494,1911,1264,4259.0,253,0.2241590909090909,0.2825,0.3693181818181818,0.6518181818181819,287,309,3.572058823529412,2009,676,5,2,89,163,5105.5,5276,2819,2638,689.0,215.0,1787,4263,1.3908823529411765,0.21244117647058824,5923,19081,3144,4831,1044,81,868,2787,2462,4550.0,296,0.21283333333333332,0.3476,0.32703333333333334,0.6746333333333333,361,283,4.6284210526315785,3233,519,1,1,307,438,5420.400000000001,4435,2336,2143,593.0,191.0,2195,6212,1.726842105263158,0.2311315789473684
254,3091,9946,1248,2400,459,72,312,1153,794,2712.0,89,0.2808787878787879,0.3413030303030303,0.45812121212121215,0.7994242424242425,111,104,2.555,515,304,2,1,8,12,1875.4,1731,933,872,258.0,77.0,559,1747,1.335,0.22405,4878,16791,2298,4251,857,81,710,2382,1606,4411.0,189,0.26233333333333336,0.3793666666666667,0.44126666666666664,0.8206333333333333,56,38,5.9123809523809525,563,73,3,2,5,17,981.6999999999999,997,512,474,128.0,55.0,320,899,1.9119047619047618,0.23347619047619045
232,7577,23968,3136,5763,1168,77,860,3001,2499,6727.0,390,0.2156764705882353,0.29955882352941177,0.3878823529411765,0.6874411764705882,69,101,5.414285714285714,1073,117,1,1,27,77,1524.8999999999999,1304,816,748,210.0,74.0,793,1500,1.3596428571428572,0.20767857142857143,5063,17139,2331,4369,896,60,672,2339,1555,4311.0,198,0.15724242424242424,0.27454545454545454,0.2493030303030303,0.5238484848484848,55,74,5.291111111111111,816,79,0,0,68,94,1221.6,1208,670,593,173.0,63.0,417,1259,1.5388888888888888,0.21144444444444443
301,4023,13809,1710,3435,674,72,404,1615,1207,3384.0,151,0.20815151515151514,0.32093939393939397,0.3199393939393939,0.6408787878787879,220,225,9.83,1091,583,8,5,9,29,3770.6,3666,1941,1792,489.0,195.0,1283,3181,1.8665517241379308,0.23848275862068966,3460,11163,1505,2710,542,42,442,1533,1204,3344.0,230,0.18175,0.24475,0.2927777777777778,0.5375277777777777,48,53,6.576,476,63,0,0,9,32,790.6,739,441,393,104.0,43.0,331,746,1.8242857142857143,0.20405714285714285
174,4458,14358,1951,3558,737,84,466,1789,1272,3653.0,309,0.1933,0.273525,0.329625,0.6031500000000001,328,339,4.760000000000001,3640,465,3,1,223,389,5813.3,5511,2871,2607,749.0,299.0,2056,5592,1.358148148148148,0.25607407407407407,7295,25184,3285,6588,1349,100,849,3236,2166,5130.0,256,0.2610277777777778,0.35644444444444445,0.35891666666666666,0.7153611111111111,64,60,4.833793103448276,855,84,0,0,8,32,1252.3999999999999,1201,668,613,157.0,80.0,474,1167,1.5079310344827586,0.22255172413793103
287,4188,13104,1740,3241,645,95,380,1623,1138,3193.0,347,0.2746486486486487,0.37545945945945947,0.4495405405405405,0.825,164,184,4.536296296296296,1528,368,2,0,55,118,3206.9,3051,1590,1466,396.0,136.0,1184,3073,1.4400000000000002,0.2273703703703704,5830,20467,3227,5386,1047,77,990,3023,2479,4507.0,365,0.1837272727272727,0.2634090909090909,0.29227272727272724,0.5556818181818182,99,84,6.430294117647058,1194,47,0,0,92,160,1560.5,1400,810,746,181.0,92.0,675,1564,1.6088235294117648,0.2698235294117647
13,3153,10370,1263,2585,527,40,340,1295,821,2322.0,94,0.145375,0.24575,0.22028125,0.46603125,86,91,4.5148,867,172,0,0,48,78,1674.8,1494,829,766,203.0,95.0,691,1731,1.4384000000000001,0.19872,5923,19081,3144,4831,1044,81,868,2787,2462,4550.0,296,0.21283333333333332,0.3476,0.32703333333333334,0.6746333333333333,361,283,4.6284210526315785,3233,519,1,1,307,438,5420.400000000001,4435,2336,2143,593.0,191.0,2195,6212,1.726842105263158,0.2311315789473684
189,5769,19521,2765,4840,1039,87,760,2657,2460,3799.0,423,0.22316666666666668,0.3619444444444444,0.4385,0.8004444444444444,130,182,2.810769230769231,694,446,2,1,3,8,2642.8,2579,1473,1412,435.0,106.0,1022,2459,1.3853846153846154,0.1793076923076923,1260,3688,433,878,151,15,81,376,285,900.0,88,0.24058333333333332,0.3154444444444444,0.33955555555555555,0.6549999999999999,80,106,8.02375,601,234,12,4,22,37,1720.0,1512,820,732,209.0,87.0,667,1613,1.8429166666666668,0.21637499999999998
36,7248,24283,3224,6139,1190,69,1064,3419,2326,6370.0,165,0.15056818181818182,0.24988636363636366,0.20911363636363636,0.459,413,388,4.671111111111111,3549,749,19,5,67,179,7052.0,6352,3450,3182,879.0,359.0,2711,7490,1.4507407407407409,0.23081481481481483,7577,23968,3136,5763,1168,77,860,3001,2499,6727.0,390,0.2156764705882353,0.29955882352941177,0.3878823529411765,0.6874411764705882,69,101,5.414285714285714,1073,117,1,1,27,77,1524.8999999999999,1304,816,748,210.0,74.0,793,1500,1.3596428571428572,0.20767857142857143
55,7248,24283,3224,6139,1190,69,1064,3419,2326,6370.0,165,0.15056818181818182,0.24988636363636366,0.20911363636363636,0.459,413,388,4.671111111111111,3549,749,19,5,67,179,7052.0,6352,3450,3182,879.0,359.0,2711,7490,1.4507407407407409,0.23081481481481483,4260,14253,1887,3744,726,42,430,1757,1182,2865.0,302,0.30278125,0.37728125,0.41431250000000003,0.79159375,84,79,5.423809523809524,1058,63,0,0,59,112,1318.7,1097,607,544,193.0,63.0,374,1407,1.3823809523809525,0.21733333333333332
129,3645,12224,1835,3093,677,61,536,1766,1358,3113.0,268,0.23044444444444445,0.3387037037037037,0.35374074074074074,0.6924444444444445,119,139,11.888571428571428,1225,236,2,1,28,66,2256.2,2171,1198,1090,259.0,143.0,949,2193,2.1295238095238096,0.25723809523809527,6763,21961,3045,5338,1151,100,880,2887,2260,5770.0,222,0.235,0.33784615384615385,0.39256410256410257,0.7304102564102565,227,202,3.7483333333333335,1360,509,4,3,110,146,3736.9,3444,1788,1644,455.0,149.0,1400,4018,1.2756666666666665,0.21786666666666665
185,5769,19521,2765,4840,1039,87,760,2657,2460,3799.0,423,0.22316666666666668,0.3619444444444444,0.4385,0.8004444444444444,130,182,2.810769230769231,694,446,2,1,3,8,2642.8,2579,1473,1412,435.0,106.0,1022,2459,1.3853846153846154,0.1793076923076923,4033,12347,1650,3020,588,40,463,1685,1302,3233.0,116,0.25892499999999996,0.351225,0.43479999999999996,0.786025,80,78,5.54,1041,100,1,1,18,58,1481.4,1307,760,692,215.0,83.0,665,1471,1.5711538461538461,0.24465384615384614
296,4188,13104,1740,3241,645,95,380,1623,1138,3193.0,347,0.2746486486486487,0.37545945945945947,0.4495405405405405,0.825,164,184,4.536296296296296,1528,368,2,0,55,118,3206.9,3051,1590,1466,396.0,136.0,1184,3073,1.4400000000000002,0.2273703703703704,7832,26639,3568,6604,1363,113,999,3456,2338,6376.0,399,0.2319705882352941,0.2686764705882353,0.44867647058823534,0.7173529411764706,383,386,4.823235294117647,2737,973,7,4,54,128,7107.4,6912,3603,3333,899.0,300.0,2412,6619,1.601764705882353,0.2577647058823529
322,5923,19081,3144,4831,1044,81,868,2787,2462,4550.0,296,0.21283333333333332,0.3476,0.32703333333333334,0.6746333333333333,361,283,4.6284210526315785,3233,519,1,1,307,438,5420.400000000001,4435,2336,2143,593.0,191.0,2195,6212,1.726842105263158,0.2311315789473684,7295,25184,3285,6588,1349,100,849,3236,2166,5130.0,256,0.2610277777777778,0.35644444444444445,0.35891666666666666,0.7153611111111111,64,60,4.833793103448276,855,84,0,0,8,32,1252.3999999999999,1201,668,613,157.0,80.0,474,1167,1.5079310344827586,0.22255172413793103
169,4458,14358,1951,3558,737,84,466,1789,1272,3653.0,309,0.1933,0.273525,0.329625,0.6031500000000001,328,339,4.760000000000001,3640,465,3,1,223,389,5813.3,5511,2871,2607,749.0,299.0,2056,5592,1.358148148148148,0.25607407407407407,5063,17139,2331,4369,896,60,672,2339,1555,4311.0,198,0.15724242424242424,0.27454545454545454,0.2493030303030303,0.5238484848484848,55,74,5.291111111111111,816,79,0,0,68,94,1221.6,1208,670,593,173.0,63.0,417,1259,1.5388888888888888,0.21144444444444443
136,5288,16337,2251,4044,807,86,502,1986,1778,4378.0,432,0.28963636363636364,0.39524242424242423,0.45042424242424245,0.8456666666666667,397,379,4.081891891891892,3368,814,8,3,167,274,7027.4,6513,3504,3230,929.0,263.0,2433,6785,1.1608108108108108,0.19954054054054055,5769,19521,2765,4840,1039,87,760,2657,2460,3799.0,423,0.22316666666666668,0.3619444444444444,0.4385,0.8004444444444444,130,182,2.810769230769231,694,446,2,1,3,8,2642.8,2579,1473,1412,435.0,106.0,1022,2459,1.3853846153846154,0.1793076923076923
238,7577,23968,3136,5763,1168,77,860,3001,2499,6727.0,390,0.2156764705882353,0.29955882352941177,0.3878823529411765,0.6874411764705882,69,101,5.414285714285714,1073,117,1,1,27,77,1524.8999999999999,1304,816,748,210.0,74.0,793,1500,1.3596428571428572,0.20767857142857143,4718,15948,2260,3918,801,62,624,2120,1606,4300.0,365,0.27075,0.35655000000000003,0.48557500000000003,0.842125,273,273,7.626744186046511,2043,627,5,2,132,184,4949.2,4547,2438,2245,620.0,189.0,1775,4796,1.9848837209302324,0.24741860465116278
378,5830,20467,3227,5386,1047,77,990,3023,2479,4507.0,365,0.1837272727272727,0.2634090909090909,0.29227272727272724,0.5556818181818182,99,84,6.430294117647058,1194,47,0,0,92,160,1560.5,1400,810,746,181.0,92.0,675,1564,1.6088235294117648,0.2698235294117647,4260,14253,1887,3744,726,42,430,1757,1182,2865.0,302,0.30278125,0.37728125,0.41431250000000003,0.79159375,84,79,5.423809523809524,1058,63,0,0,59,112,1318.7,1097,607,544,193.0,63.0,374,1407,1.3823809523809525,0.21733333333333332
98,5837,19035,2601,4691,920,102,743,2573,1831,4965.0,266,0.23971428571428574,0.3502285714285714,0.3880857142857143,0.7383142857142857,273,289,5.2318181818181815,2047,606,4,3,121,178,4716.099999999999,4393,2395,2174,520.0,289.0,1869,4552,1.5618181818181818,0.22577272727272726,5830,20467,3227,5386,1047,77,990,3023,2479,4507.0,365,0.1837272727272727,0.2634090909090909,0.29227272727272724,0.5556818181818182,99,84,6.430294117647058,1194,47,0,0,92,160,1560.5,1400,810,746,181.0,92.0,675,1564,1.6088235294117648,0.2698235294117647
19,3153,10370,1263,2585,527,40,340,1295,821,2322.0,94,0.145375,0.24575,0.22028125,0.46603125,86,91,4.5148,867,172,0,0,48,78,1674.8,1494,829,766,203.0,95.0,691,1731,1.4384000000000001,0.19872,4878,16791,2298,4251,857,81,710,2382,1606,4411.0,189,0.26233333333333336,0.3793666666666667,0.44126666666666664,0.8206333333333333,56,38,5.9123809523809525,563,73,3,2,5,17,981.6999999999999,997,512,474,128.0,55.0,320,899,1.9119047619047618,0.23347619047619045
221,4672,14729,1886,3584,736,67,494,1911,1264,4259.0,253,0.2241590909090909,0.2825,0.3693181818181818,0.6518181818181819,287,309,3.572058823529412,2009,676,5,2,89,163,5105.5,5276,2819,2638,689.0,215.0,1787,4263,1.3908823529411765,0.21244117647058824,3960,12796,1736,3165,634,40,472,1689,1361,3240.0,256,0.1895757575757576,0.26912121212121215,0.25572727272727275,0.5248484848484849,62,75,5.296296296296297,667,97,0,0,28,55,1097.8999999999999,990,602,544,155.0,43.0,492,1127,1.5318518518518518,0.23207407407407407
217,4672,14729,1886,3584,736,67,494,1911,1264,4259.0,253,0.2241590909090909,0.2825,0.3693181818181818,0.6518181818181819,287,309,3.572058823529412,2009,676,5,2,89,163,5105.5,5276,2819,2638,689.0,215.0,1787,4263,1.3908823529411765,0.21244117647058824,7295,25184,3285,6588,1349,100,849,3236,2166,5130.0,256,0.2610277777777778,0.35644444444444445,0.35891666666666666,0.7153611111111111,64,60,4.833793103448276,855,84,0,0,8,32,1252.3999999999999,1201,668,613,157.0,80.0,474,1167,1.5079310344827586,0.22255172413793103
145,5288,16337,2251,4044,807,86,502,1986,1778,4378.0,432,0.28963636363636364,0.39524242424242423,0.45042424242424245,0.8456666666666667,397,379,4.081891891891892,3368,814,8,3,167,274,7027.4,6513,3504,3230,929.0,263.0,2433,6785,1.1608108108108108,0.19954054054054055,3460,11163,1505,2710,542,42,442,1533,1204,3344.0,230,0.18175,0.24475,0.2927777777777778,0.5375277777777777,48,53,6.576,476,63,0,0,9,32,790.6,739,441,393,104.0,43.0,331,746,1.8242857142857143,0.20405714285714285
272,4033,12347,1650,3020,588,40,463,1685,1302,3233.0,116,0.25892499999999996,0.351225,0.43479999999999996,0.786025,80,78,5.54,1041,100,1,1,18,58,1481.4,1307,760,692,215.0,83.0,665,1471,1.5711538461538461,0.24465384615384614,4878,16791,2298,4251,857,81,710,2382,1606,4411.0,189,0.26233333333333336,0.3793666666666667,0.44126666666666664,0.8206333333333333,56,38,5.9123809523809525,563,73,3,2,5,17,981.6999999999999,997,512,474,128.0,55.0,320,899,1.9119047619047618,0.23347619047619045
414,4718,15948,2260,3918,801,62,624,2120,1606,4300.0,365,0.27075,0.35655000000000003,0.48557500000000003,0.842125,273,273,7.626744186046511,2043,627,5,2,132,184,4949.2,4547,2438,2245,620.0,189.0,1775,4796,1.9848837209302324,0.24741860465116278,6763,21961,3045,5338,1151,100,880,2887,2260,5770.0,222,0.235,0.33784615384615385,0.39256410256410257,0.7304102564102565,227,202,3.7483333333333335,1360,509,4,3,110,146,3736.9,3444,1788,1644,455.0,149.0,1400,4018,1.2756666666666665,0.21786666666666665
243,7577,23968,3136,5763,1168,77,860,3001,2499,6727.0,390,0.2156764705882353,0.29955882352941177,0.3878823529411765,0.6874411764705882,69,101,5.414285714285714,1073,117,1,1,27,77,1524.8999999999999,1304,816,748,210.0,74.0,793,1500,1.3596428571428572,0.20767857142857143,4260,14253,1887,3744,726,42,430,1757,1182,2865.0,302,0.30278125,0.37728125,0.41431250000000003,0.79159375,84,79,5.423809523809524,1058,63,0,0,59,112,1318.7,1097,607,544,193.0,63.0,374,1407,1.3823809523809525,0.21733333333333332
388,5173,17617,2686,4616,949,80,778,2588,2041,4610.0,460,0.25245454545454543,0.33196969696969697,0.38663636363636367,0.7186060606060606,313,336,4.427083333333333,1515,833,19,8,14,33,5411.2,5188,2672,2480,642.0,214.0,1847,5371,1.45875,0.25533333333333336,4260,14253,1887,3744,726,42,430,1757,1182,2865.0,302,0.30278125,0.37728125,0.41431250000000003,0.79159375,84,79,5.423809523809524,1058,63,0,0,59,112,1318.7,1097,607,544,193.0,63.0,374,1407,1.3823809523809525,0.21733333333333332
261,3091,9946,1248,2400,459,72,312,1153,794,2712.0,89,0.2808787878787879,0.3413030303030303,0.45812121212121215,0.7994242424242425,111,104,2.555,515,304,2,1,8,12,1875.4,1731,933,872,258.0,77.0,559,1747,1.335,0.22405,7832,26639,3568,6604,1363,113,999,3456,2338,6376.0,399,0.2319705882352941,0.2686764705882353,0.44867647058823534,0.7173529411764706,383,386,4.823235294117647,2737,973,7,4,54,128,7107.4,6912,3603,3333,899.0,300.0,2412,6619,1.601764705882353,0.2577647058823529
171,4458,14358,1951,3558,737,84,466,1789,1272,3653.0,309,0.1933,0.273525,0.329625,0.6031500000000001,328,339,4.760000000000001,3640,465,3,1,223,389,5813.3,5511,2871,2607,749.0,299.0,2056,5592,1.358148148148148,0.25607407407407407,5173,17617,2686,4616,949,80,778,2588,2041,4610.0,460,0.25245454545454543,0.33196969696969697,0.38663636363636367,0.7186060606060606,313,336,4.427083333333333,1515,833,19,8,14,33,5411.2,5188,2672,2480,642.0,214.0,1847,5371,1.45875,0.25533333333333336
310,4023,13809,1710,3435,674,72,404,1615,1207,3384.0,151,0.20815151515151514,0.32093939393939397,0.3199393939393939,0.6408787878787879,220,225,9.83,1091,583,8,5,9,29,3770.6,3666,1941,1792,489.0,195.0,1283,3181,1.8665517241379308,0.23848275862068966,3122,10740,1483,2817,564,49,478,1625,948,2378.0,105,0.20673333333333332,0.3202666666666667,0.36743333333333333,0.6877,237,251,7.533793103448277,1594,527,4,3,102,164,4023.8,3974,2053,1907,547.0,152.0,1256,3521,2.110689655172414,0.27782758620689657
233,7577,23968,3136,5763,1168,77,860,3001,2499,6727.0,390,0.2156764705882353,0.29955882352941177,0.3878823529411765,0.6874411764705882,69,101,5.414285714285714,1073,117,1,1,27,77,1524.8999999999999,1304,816,748,210.0,74.0,793,1500,1.3596428571428572,0.20767857142857143,5830,20467,3227,5386,1047,77,990,3023,2479,4507.0,365,0.1837272727272727,0.2634090909090909,0.29227272727272724,0.5556818181818182,99,84,6.430294117647058,1194,47,0,0,92,160,1560.5,1400,810,746,181.0,92.0,675,1564,1.6088235294117648,0.2698235294117647
147,5288,16337,2251,4044,807,86,502,1986,1778,4378.0,432,0.28963636363636364,0.39524242424242423,0.45042424242424245,0.8456666666666667,397,379,4.081891891891892,3368,814,8,3,167,274,7027.4,6513,3504,3230,929.0,263.0,2433,6785,1.1608108108108108,0.19954054054054055,5830,20467,3227,5386,1047,77,990,3023,2479,4507.0,365,0.1837272727272727,0.2634090909090909,0.29227272727272724,0.5556818181818182,99,84,6.430294117647058,1194,47,0,0,92,160,1560.5,1400,810,746,181.0,92.0,675,1564,1.6088235294117648,0.2698235294117647
318,5923,19081,3144,4831,1044,81,868,2787,2462,4550.0,296,0.21283333333333332,0.3476,0.32703333333333334,0.6746333333333333,361,283,4.6284210526315785,3233,519,1,1,307,438,5420.400000000001,4435,2336,2143,593.0,191.0,2195,6212,1.726842105263158,0.2311315789473684,5830,20467,3227,5386,1047,77,990,3023,2479,4507.0,365,0.1837272727272727,0.2634090909090909,0.29227272727272724,0.5556818181818182,99,84,6.430294117647058,1194,47,0,0,92,160,1560.5,1400,810,746,181.0,92.0,675,1564,1.6088235294117648,0.2698235294117647
281,4033,12347,1650,3020,588,40,463,1685,1302,3233.0,116,0.25892499999999996,0.351225,0.43479999999999996,0.786025,80,78,5.54,1041,100,1,1,18,58,1481.4,1307,760,692,215.0,83.0,665,1471,1.5711538461538461,0.24465384615384614,2869,9622,1172,2440,463,41,258,1105,773,2115.0,239,0.2782222222222222,0.3437777777777778,0.43437037037037035,0.7781481481481483,104,118,5.599090909090909,698,290,1,1,15,41,1943.1999999999998,1940,1041,966,273.0,83.0,692,1675,1.6018181818181818,0.2529090909090909
264,4033,12347,1650,3020,588,40,463,1685,1302,3233.0,116,0.25892499999999996,0.351225,0.43479999999999996,0.786025,80,78,5.54,1041,100,1,1,18,58,1481.4,1307,760,692,215.0,83.0,665,1471,1.5711538461538461,0.24465384615384614,4188,13104,1740,3241,645,95,380,1623,1138,3193.0,347,0.2746486486486487,0.37545945945945947,0.4495405405405405,0.825,164,184,4.536296296296296,1528,368,2,0,55,118,3206.9,3051,1590,1466,396.0,136.0,1184,3073,1.4400000000000002,0.2273703703703704
72,6488,22010,2964,5703,1121,104,828,3039,2005,5127.0,225,0.23582857142857142,0.3150571428571428,0.31994285714285714,0.635,229,186,5.867837837837838,1862,361,2,2,68,141,3544.3,3113,1657,1506,417.0,162.0,1205,3710,1.6994594594594594,0.23516216216216218,5830,20467,3227,5386,1047,77,990,3023,2479,4507.0,365,0.1837272727272727,0.2634090909090909,0.29227272727272724,0.5556818181818182,99,84,6.430294117647058,1194,47,0,0,92,160,1560.5,1400,810,746,181.0,92.0,675,1564,1.6088235294117648,0.2698235294117647
276,4033,12347,1650,3020,588,40,463,1685,1302,3233.0,116,0.25892499999999996,0.351225,0.43479999999999996,0.786025,80,78,5.54,1041,100,1,1,18,58,1481.4,1307,760,692,215.0,83.0,665,1471,1.5711538461538461,0.24465384615384614,6763,21961,3045,5338,1151,100,880,2887,2260,5770.0,222,0.235,0.33784615384615385,0.39256410256410257,0.7304102564102565,227,202,3.7483333333333335,1360,509,4,3,110,146,3736.9,3444,1788,1644,455.0,149.0,1400,4018,1.2756666666666665,0.21786666666666665
45,7248,24283,3224,6139,1190,69,1064,3419,2326,6370.0,165,0.15056818181818182,0.24988636363636366,0.20911363636363636,0.459,413,388,4.671111111111111,3549,749,19,5,67,179,7052.0,6352,3450,3182,879.0,359.0,2711,7490,1.4507407407407409,0.23081481481481483,5830,20467,3227,5386,1047,77,990,3023,2479,4507.0,365,0.1837272727272727,0.2634090909090909,0.29227272727272724,0.5556818181818182,99,84,6.430294117647058,1194,47,0,0,92,160,1560.5,1400,810,746,181.0,92.0,675,1564,1.6088235294117648,0.2698235294117647
172,4458,14358,1951,3558,737,84,466,1789,1272,3653.0,309,0.1933,0.273525,0.329625,0.6031500000000001,328,339,4.760000000000001,3640,465,3,1,223,389,5813.3,5511,2871,2607,749.0,299.0,2056,5592,1.358148148148148,0.25607407407407407,4878,16791,2298,4251,857,81,710,2382,1606,4411.0,189,0.26233333333333336,0.3793666666666667,0.44126666666666664,0.8206333333333333,56,38,5.9123809523809525,563,73,3,2,5,17,981.6999999999999,997,512,474,128.0,55.0,320,899,1.9119047619047618,0.23347619047619045
33,7248,24283,3224,6139,1190,69,1064,3419,2326,6370.0,165,0.15056818181818182,0.24988636363636366,0.20911363636363636,0.459,413,388,4.671111111111111,3549,749,19,5,67,179,7052.0,6352,3450,3182,879.0,359.0,2711,7490,1.4507407407407409,0.23081481481481483,4458,14358,1951,3558,737,84,466,1789,1272,3653.0,309,0.1933,0.273525,0.329625,0.6031500000000001,328,339,4.760000000000001,3640,465,3,1,223,389,5813.3,5511,2871,2607,749.0,299.0,2056,5592,1.358148148148148,0.25607407407407407
15,3153,10370,1263,2585,527,40,340,1295,821,2322.0,94,0.145375,0.24575,0.22028125,0.46603125,86,91,4.5148,867,172,0,0,48,78,1674.8,1494,829,766,203.0,95.0,691,1731,1.4384000000000001,0.19872,3460,11163,1505,2710,542,42,442,1533,1204,3344.0,230,0.18175,0.24475,0.2927777777777778,0.5375277777777777,48,53,6.576,476,63,0,0,9,32,790.6,739,441,393,104.0,43.0,331,746,1.8242857142857143,0.20405714285714285
351,3460,11163,1505,2710,542,42,442,1533,1204,3344.0,230,0.18175,0.24475,0.2927777777777778,0.5375277777777777,48,53,6.576,476,63,0,0,9,32,790.6,739,441,393,104.0,43.0,331,746,1.8242857142857143,0.20405714285714285,6763,21961,3045,5338,1151,100,880,2887,2260,5770.0,222,0.235,0.33784615384615385,0.39256410256410257,0.7304102564102565,227,202,3.7483333333333335,1360,509,4,3,110,146,3736.9,3444,1788,1644,455.0,149.0,1400,4018,1.2756666666666665,0.21786666666666665
273,4033,12347,1650,3020,588,40,463,1685,1302,3233.0,116,0.25892499999999996,0.351225,0.43479999999999996,0.786025,80,78,5.54,1041,100,1,1,18,58,1481.4,1307,760,692,215.0,83.0,665,1471,1.5711538461538461,0.24465384615384614,3105,9815,1271,2413,467,58,220,1040,852,2330.0,179,0.26259375,0.33553125,0.38,0.71553125,166,198,4.658095238095238,2274,244,2,1,126,205,3251.5,3049,1739,1579,385.0,224.0,1366,3323,1.4252380952380952,0.23133333333333336
410,7295,25184,3285,6588,1349,100,849,3236,2166,5130.0,256,0.2610277777777778,0.35644444444444445,0.35891666666666666,0.7153611111111111,64,60,4.833793103448276,855,84,0,0,8,32,1252.3999999999999,1201,668,613,157.0,80.0,474,1167,1.5079310344827586,0.22255172413793103,3960,12796,1736,3165,634,40,472,1689,1361,3240.0,256,0.1895757575757576,0.26912121212121215,0.25572727272727275,0.5248484848484849,62,75,5.296296296296297,667,97,0,0,28,55,1097.8999999999999,990,602,544,155.0,43.0,492,1127,1.5318518518518518,0.23207407407407407
295,4188,13104,1740,3241,645,95,380,1623,1138,3193.0,347,0.2746486486486487,0.37545945945945947,0.4495405405405405,0.825,164,184,4.536296296296296,1528,368,2,0,55,118,3206.9,3051,1590,1466,396.0,136.0,1184,3073,1.4400000000000002,0.2273703703703704,3960,12796,1736,3165,634,40,472,1689,1361,3240.0,256,0.1895757575757576,0.26912121212121215,0.25572727272727275,0.5248484848484849,62,75,5.296296296296297,667,97,0,0,28,55,1097.8999999999999,990,602,544,155.0,43.0,492,1127,1.5318518518518518,0.23207407407407407
17,3153,10370,1263,2585,527,40,340,1295,821,2322.0,94,0.145375,0.24575,0.22028125,0.46603125,86,91,4.5148,867,172,0,0,48,78,1674.8,1494,829,766,203.0,95.0,691,1731,1.4384000000000001,0.19872,5830,20467,3227,5386,1047,77,990,3023,2479,4507.0,365,0.1837272727272727,0.2634090909090909,0.29227272727272724,0.5556818181818182,99,84,6.430294117647058,1194,47,0,0,92,160,1560.5,1400,810,746,181.0,92.0,675,1564,1.6088235294117648,0.2698235294117647
406,3105,9815,1271,2413,467,58,220,1040,852,2330.0,179,0.26259375,0.33553125,0.38,0.71553125,166,198,4.658095238095238,2274,244,2,1,126,205,3251.5,3049,1739,1579,385.0,224.0,1366,3323,1.4252380952380952,0.23133333333333336,2869,9622,1172,2440,463,41,258,1105,773,2115.0,239,0.2782222222222222,0.3437777777777778,0.43437037037037035,0.7781481481481483,104,118,5.599090909090909,698,290,1,1,15,41,1943.1999999999998,1940,1041,966,273.0,83.0,692,1675,1.6018181818181818,0.2529090909090909
178,4458,14358,1951,3558,737,84,466,1789,1272,3653.0,309,0.1933,0.273525,0.329625,0.6031500000000001,328,339,4.760000000000001,3640,465,3,1,223,389,5813.3,5511,2871,2607,749.0,299.0,2056,5592,1.358148148148148,0.25607407407407407,3960,12796,1736,3165,634,40,472,1689,1361,3240.0,256,0.1895757575757576,0.26912121212121215,0.25572727272727275,0.5248484848484849,62,75,5.296296296296297,667,97,0,0,28,55,1097.8999999999999,990,602,544,155.0,43.0,492,1127,1.5318518518518518,0.23207407407407407
162,4458,14358,1951,3558,737,84,466,1789,1272,3653.0,309,0.1933,0.273525,0.329625,0.6031500000000001,328,339,4.760000000000001,3640,465,3,1,223,389,5813.3,5511,2871,2607,749.0,299.0,2056,5592,1.358148148148148,0.25607407407407407,3091,9946,1248,2400,459,72,312,1153,794,2712.0,89,0.2808787878787879,0.3413030303030303,0.45812121212121215,0.7994242424242425,111,104,2.555,515,304,2,1,8,12,1875.4,1731,933,872,258.0,77.0,559,1747,1.335,0.22405
113,3645,12224,1835,3093,677,61,536,1766,1358,3113.0,268,0.23044444444444445,0.3387037037037037,0.35374074074074074,0.6924444444444445,119,139,11.888571428571428,1225,236,2,1,28,66,2256.2,2171,1198,1090,259.0,143.0,949,2193,2.1295238095238096,0.25723809523809527,4672,14729,1886,3584,736,67,494,1911,1264,4259.0,253,0.2241590909090909,0.2825,0.3693181818181818,0.6518181818181819,287,309,3.572058823529412,2009,676,5,2,89,163,5105.5,5276,2819,2638,689.0,215.0,1787,4263,1.3908823529411765,0.21244117647058824
95,5837,19035,2601,4691,920,102,743,2573,1831,4965.0,266,0.23971428571428574,0.3502285714285714,0.3880857142857143,0.7383142857142857,273,289,5.2318181818181815,2047,606,4,3,121,178,4716.099999999999,4393,2395,2174,520.0,289.0,1869,4552,1.5618181818181818,0.22577272727272726,1260,3688,433,878,151,15,81,376,285,900.0,88,0.24058333333333332,0.3154444444444444,0.33955555555555555,0.6549999999999999,80,106,8.02375,601,234,12,4,22,37,1720.0,1512,820,732,209.0,87.0,667,1613,1.8429166666666668,0.21637499999999998
96,5837,19035,2601,4691,920,102,743,2573,1831,4965.0,266,0.23971428571428574,0.3502285714285714,0.3880857142857143,0.7383142857142857,273,289,5.2318181818181815,2047,606,4,3,121,178,4716.099999999999,4393,2395,2174,520.0,289.0,1869,4552,1.5618181818181818,0.22577272727272726,3460,11163,1505,2710,542,42,442,1533,1204,3344.0,230,0.18175,0.24475,0.2927777777777778,0.5375277777777777,48,53,6.576,476,63,0,0,9,32,790.6,739,441,393,104.0,43.0,331,746,1.8242857142857143,0.20405714285714285
218,4672,14729,1886,3584,736,67,494,1911,1264,4259.0,253,0.2241590909090909,0.2825,0.3693181818181818,0.6518181818181819,287,309,3.572058823529412,2009,676,5,2,89,163,5105.5,5276,2819,2638,689.0,215.0,1787,4263,1.3908823529411765,0.21244117647058824,4718,15948,2260,3918,801,62,624,2120,1606,4300.0,365,0.27075,0.35655000000000003,0.48557500000000003,0.842125,273,273,7.626744186046511,2043,627,5,2,132,184,4949.2,4547,2438,2245,620.0,189.0,1775,4796,1.9848837209302324,0.24741860465116278
194,5769,19521,2765,4840,1039,87,760,2657,2460,3799.0,423,0.22316666666666668,0.3619444444444444,0.4385,0.8004444444444444,130,182,2.810769230769231,694,446,2,1,3,8,2642.8,2579,1473,1412,435.0,106.0,1022,2459,1.3853846153846154,0.1793076923076923,4878,16791,2298,4251,857,81,710,2382,1606,4411.0,189,0.26233333333333336,0.3793666666666667,0.44126666666666664,0.8206333333333333,56,38,5.9123809523809525,563,73,3,2,5,17,981.6999999999999,997,512,474,128.0,55.0,320,899,1.9119047619047618,0.23347619047619045
347,3460,11163,1505,2710,542,42,442,1533,1204,3344.0,230,0.18175,0.24475,0.2927777777777778,0.5375277777777777,48,53,6.576,476,63,0,0,9,32,790.6,739,441,393,104.0,43.0,331,746,1.8242857142857143,0.20405714285714285,4878,16791,2298,4251,857,81,710,2382,1606,4411.0,189,0.26233333333333336,0.3793666666666667,0.44126666666666664,0.8206333333333333,56,38,5.9123809523809525,563,73,3,2,5,17,981.6999999999999,997,512,474,128.0,55.0,320,899,1.9119047619047618,0.23347619047619045
343,1260,3688,433,878,151,15,81,376,285,900.0,88,0.24058333333333332,0.3154444444444444,0.33955555555555555,0.6549999999999999,80,106,8.02375,601,234,12,4,22,37,1720.0,1512,820,732,209.0,87.0,667,1613,1.8429166666666668,0.21637499999999998,2869,9622,1172,2440,463,41,258,1105,773,2115.0,239,0.2782222222222222,0.3437777777777778,0.43437037037037035,0.7781481481481483,104,118,5.599090909090909,698,290,1,1,15,41,1943.1999999999998,1940,1041,966,273.0,83.0,692,1675,1.6018181818181818,0.2529090909090909
223,4672,14729,1886,3584,736,67,494,1911,1264,4259.0,253,0.2241590909090909,0.2825,0.3693181818181818,0.6518181818181819,287,309,3.572058823529412,2009,676,5,2,89,163,5105.5,5276,2819,2638,689.0,215.0,1787,4263,1.3908823529411765,0.21244117647058824,4260,14253,1887,3744,726,42,430,1757,1182,2865.0,302,0.30278125,0.37728125,0.41431250000000003,0.79159375,84,79,5.423809523809524,1058,63,0,0,59,112,1318.7,1097,607,544,193.0,63.0,374,1407,1.3823809523809525,0.21733333333333332
383,5173,17617,2686,4616,949,80,778,2588,2041,4610.0,460,0.25245454545454543,0.33196969696969697,0.38663636363636367,0.7186060606060606,313,336,4.427083333333333,1515,833,19,8,14,33,5411.2,5188,2672,2480,642.0,214.0,1847,5371,1.45875,0.25533333333333336,4718,15948,2260,3918,801,62,624,2120,1606,4300.0,365,0.27075,0.35655000000000003,0.48557500000000003,0.842125,273,273,7.626744186046511,2043,627,5,2,132,184,4949.2,4547,2438,2245,620.0,189.0,1775,4796,1.9848837209302324,0.24741860465116278
391,4878,16791,2298,4251,857,81,710,2382,1606,4411.0,189,0.26233333333333336,0.3793666666666667,0.44126666666666664,0.8206333333333333,56,38,5.9123809523809525,563,73,3,2,5,17,981.6999999999999,997,512,474,128.0,55.0,320,899,1.9119047619047618,0.23347619047619045,7295,25184,3285,6588,1349,100,849,3236,2166,5130.0,256,0.2610277777777778,0.35644444444444445,0.35891666666666666,0.7153611111111111,64,60,4.833793103448276,855,84,0,0,8,32,1252.3999999999999,1201,668,613,157.0,80.0,474,1167,1.5079310344827586,0.22255172413793103
192,5769,19521,2765,4840,1039,87,760,2657,2460,3799.0,423,0.22316666666666668,0.3619444444444444,0.4385,0.8004444444444444,130,182,2.810769230769231,694,446,2,1,3,8,2642.8,2579,1473,1412,435.0,106.0,1022,2459,1.3853846153846154,0.1793076923076923,5830,20467,3227,5386,1047,77,990,3023,2479,4507.0,365,0.1837272727272727,0.2634090909090909,0.29227272727272724,0.5556818181818182,99,84,6.430294117647058,1194,47,0,0,92,160,1560.5,1400,810,746,181.0,92.0,675,1564,1.6088235294117648,0.2698235294117647
93,5837,19035,2601,4691,920,102,743,2573,1831,4965.0,266,0.23971428571428574,0.3502285714285714,0.3880857142857143,0.7383142857142857,273,289,5.2318181818181815,2047,606,4,3,121,178,4716.099999999999,4393,2395,2174,520.0,289.0,1869,4552,1.5618181818181818,0.22577272727272726,4023,13809,1710,3435,674,72,404,1615,1207,3384.0,151,0.20815151515151514,0.32093939393939397,0.3199393939393939,0.6408787878787879,220,225,9.83,1091,583,8,5,9,29,3770.6,3666,1941,1792,489.0,195.0,1283,3181,1.8665517241379308,0.23848275862068966
108,5837,19035,2601,4691,920,102,743,2573,1831,4965.0,266,0.23971428571428574,0.3502285714285714,0.3880857142857143,0.7383142857142857,273,289,5.2318181818181815,2047,606,4,3,121,178,4716.099999999999,4393,2395,2174,520.0,289.0,1869,4552,1.5618181818181818,0.22577272727272726,4260,14253,1887,3744,726,42,430,1757,1182,2865.0,302,0.30278125,0.37728125,0.41431250000000003,0.79159375,84,79,5.423809523809524,1058,63,0,0,59,112,1318.7,1097,607,544,193.0,63.0,374,1407,1.3823809523809525,0.21733333333333332
356,3460,11163,1505,2710,542,42,442,1533,1204,3344.0,230,0.18175,0.24475,0.2927777777777778,0.5375277777777777,48,53,6.576,476,63,0,0,9,32,790.6,739,441,393,104.0,43.0,331,746,1.8242857142857143,0.20405714285714285,2869,9622,1172,2440,463,41,258,1105,773,2115.0,239,0.2782222222222222,0.3437777777777778,0.43437037037037035,0.7781481481481483,104,118,5.599090909090909,698,290,1,1,15,41,1943.1999999999998,1940,1041,966,273.0,83.0,692,1675,1.6018181818181818,0.2529090909090909
216,4672,14729,1886,3584,736,67,494,1911,1264,4259.0,253,0.2241590909090909,0.2825,0.3693181818181818,0.6518181818181819,287,309,3.572058823529412,2009,676,5,2,89,163,5105.5,5276,2819,2638,689.0,215.0,1787,4263,1.3908823529411765,0.21244117647058824,3105,9815,1271,2413,467,58,220,1040,852,2330.0,179,0.26259375,0.33553125,0.38,0.71553125,166,198,4.658095238095238,2274,244,2,1,126,205,3251.5,3049,1739,1579,385.0,224.0,1366,3323,1.4252380952380952,0.23133333333333336
219,4672,14729,1886,3584,736,67,494,1911,1264,4259.0,253,0.2241590909090909,0.2825,0.3693181818181818,0.6518181818181819,287,309,3.572058823529412,2009,676,5,2,89,163,5105.5,5276,2819,2638,689.0,215.0,1787,4263,1.3908823529411765,0.21244117647058824,6763,21961,3045,5338,1151,100,880,2887,2260,5770.0,222,0.235,0.33784615384615385,0.39256410256410257,0.7304102564102565,227,202,3.7483333333333335,1360,509,4,3,110,146,3736.9,3444,1788,1644,455.0,149.0,1400,4018,1.2756666666666665,0.21786666666666665
424,6763,21961,3045,5338,1151,100,880,2887,2260,5770.0,222,0.235,0.33784615384615385,0.39256410256410257,0.7304102564102565,227,202,3.7483333333333335,1360,509,4,3,110,146,3736.9,3444,1788,1644,455.0,149.0,1400,4018,1.2756666666666665,0.21786666666666665,2869,9622,1172,2440,463,41,258,1105,773,2115.0,239,0.2782222222222222,0.3437777777777778,0.43437037037037035,0.7781481481481483,104,118,5.599090909090909,698,290,1,1,15,41,1943.1999999999998,1940,1041,966,273.0,83.0,692,1675,1.6018181818181818,0.2529090909090909
235,7577,23968,3136,5763,1168,77,860,3001,2499,6727.0,390,0.2156764705882353,0.29955882352941177,0.3878823529411765,0.6874411764705882,69,101,5.414285714285714,1073,117,1,1,27,77,1524.8999999999999,1304,816,748,210.0,74.0,793,1500,1.3596428571428572,0.20767857142857143,4878,16791,2298,4251,857,81,710,2382,1606,4411.0,189,0.26233333333333336,0.3793666666666667,0.44126666666666664,0.8206333333333333,56,38,5.9123809523809525,563,73,3,2,5,17,981.6999999999999,997,512,474,128.0,55.0,320,899,1.9119047619047618,0.23347619047619045
282,4188,13104,1740,3241,645,95,380,1623,1138,3193.0,347,0.2746486486486487,0.37545945945945947,0.4495405405405405,0.825,164,184,4.536296296296296,1528,368,2,0,55,118,3206.9,3051,1590,1466,396.0,136.0,1184,3073,1.4400000000000002,0.2273703703703704,4023,13809,1710,3435,674,72,404,1615,1207,3384.0,151,0.20815151515151514,0.32093939393939397,0.3199393939393939,0.6408787878787879,220,225,9.83,1091,583,8,5,9,29,3770.6,3666,1941,1792,489.0,195.0,1283,3181,1.8665517241379308,0.23848275862068966
342,1260,3688,433,878,151,15,81,376,285,900.0,88,0.24058333333333332,0.3154444444444444,0.33955555555555555,0.6549999999999999,80,106,8.02375,601,234,12,4,22,37,1720.0,1512,820,732,209.0,87.0,667,1613,1.8429166666666668,0.21637499999999998,4260,14253,1887,3744,726,42,430,1757,1182,2865.0,302,0.30278125,0.37728125,0.41431250000000003,0.79159375,84,79,5.423809523809524,1058,63,0,0,59,112,1318.7,1097,607,544,193.0,63.0,374,1407,1.3823809523809525,0.21733333333333332
284,4188,13104,1740,3241,645,95,380,1623,1138,3193.0,347,0.2746486486486487,0.37545945945945947,0.4495405405405405,0.825,164,184,4.536296296296296,1528,368,2,0,55,118,3206.9,3051,1590,1466,396.0,136.0,1184,3073,1.4400000000000002,0.2273703703703704,1260,3688,433,878,151,15,81,376,285,900.0,88,0.24058333333333332,0.3154444444444444,0.33955555555555555,0.6549999999999999,80,106,8.02375,601,234,12,4,22,37,1720.0,1512,820,732,209.0,87.0,667,1613,1.8429166666666668,0.21637499999999998
394,4878,16791,2298,4251,857,81,710,2382,1606,4411.0,189,0.26233333333333336,0.3793666666666667,0.44126666666666664,0.8206333333333333,56,38,5.9123809523809525,563,73,3,2,5,17,981.6999999999999,997,512,474,128.0,55.0,320,899,1.9119047619047618,0.23347619047619045,3122,10740,1483,2817,564,49,478,1625,948,2378.0,105,0.20673333333333332,0.3202666666666667,0.36743333333333333,0.6877,237,251,7.533793103448277,1594,527,4,3,102,164,4023.8,3974,2053,1907,547.0,152.0,1256,3521,2.110689655172414,0.27782758620689657
132,3645,12224,1835,3093,677,61,536,1766,1358,3113.0,268,0.23044444444444445,0.3387037037037037,0.35374074074074074,0.6924444444444445,119,139,11.888571428571428,1225,236,2,1,28,66,2256.2,2171,1198,1090,259.0,143.0,949,2193,2.1295238095238096,0.25723809523809527,7832,26639,3568,6604,1363,113,999,3456,2338,6376.0,399,0.2319705882352941,0.2686764705882353,0.44867647058823534,0.7173529411764706,383,386,4.823235294117647,2737,973,7,4,54,128,7107.4,6912,3603,3333,899.0,300.0,2412,6619,1.601764705882353,0.2577647058823529
79,6488,22010,2964,5703,1121,104,828,3039,2005,5127.0,225,0.23582857142857142,0.3150571428571428,0.31994285714285714,0.635,229,186,5.867837837837838,1862,361,2,2,68,141,3544.3,3113,1657,1506,417.0,162.0,1205,3710,1.6994594594594594,0.23516216216216218,3122,10740,1483,2817,564,49,478,1625,948,2378.0,105,0.20673333333333332,0.3202666666666667,0.36743333333333333,0.6877,237,251,7.533793103448277,1594,527,4,3,102,164,4023.8,3974,2053,1907,547.0,152.0,1256,3521,2.110689655172414,0.27782758620689657
432,7832,26639,3568,6604,1363,113,999,3456,2338,6376.0,399,0.2319705882352941,0.2686764705882353,0.44867647058823534,0.7173529411764706,383,386,4.823235294117647,2737,973,7,4,54,128,7107.4,6912,3603,3333,899.0,300.0,2412,6619,1.601764705882353,0.2577647058823529,4260,14253,1887,3744,726,42,430,1757,1182,2865.0,302,0.30278125,0.37728125,0.41431250000000003,0.79159375,84,79,5.423809523809524,1058,63,0,0,59,112,1318.7,1097,607,544,193.0,63.0,374,1407,1.3823809523809525,0.21733333333333332
426,3122,10740,1483,2817,564,49,478,1625,948,2378.0,105,0.20673333333333332,0.3202666666666667,0.36743333333333333,0.6877,237,251,7.533793103448277,1594,527,4,3,102,164,4023.8,3974,2053,1907,547.0,152.0,1256,3521,2.110689655172414,0.27782758620689657,7832,26639,3568,6604,1363,113,999,3456,2338,6376.0,399,0.2319705882352941,0.2686764705882353,0.44867647058823534,0.7173529411764706,383,386,4.823235294117647,2737,973,7,4,54,128,7107.4,6912,3603,3333,899.0,300.0,2412,6619,1.601764705882353,0.2577647058823529
154,5288,16337,2251,4044,807,86,502,1986,1778,4378.0,432,0.28963636363636364,0.39524242424242423,0.45042424242424245,0.8456666666666667,397,379,4.081891891891892,3368,814,8,3,167,274,7027.4,6513,3504,3230,929.0,263.0,2433,6785,1.1608108108108108,0.19954054054054055,3122,10740,1483,2817,564,49,478,1625,948,2378.0,105,0.20673333333333332,0.3202666666666667,0.36743333333333333,0.6877,237,251,7.533793103448277,1594,527,4,3,102,164,4023.8,3974,2053,1907,547.0,152.0,1256,3521,2.110689655172414,0.27782758620689657
211,4672,14729,1886,3584,736,67,494,1911,1264,4259.0,253,0.2241590909090909,0.2825,0.3693181818181818,0.6518181818181819,287,309,3.572058823529412,2009,676,5,2,89,163,5105.5,5276,2819,2638,689.0,215.0,1787,4263,1.3908823529411765,0.21244117647058824,3460,11163,1505,2710,542,42,442,1533,1204,3344.0,230,0.18175,0.24475,0.2927777777777778,0.5375277777777777,48,53,6.576,476,63,0,0,9,32,790.6,739,441,393,104.0,43.0,331,746,1.8242857142857143,0.20405714285714285
76,6488,22010,2964,5703,1121,104,828,3039,2005,5127.0,225,0.23582857142857142,0.3150571428571428,0.31994285714285714,0.635,229,186,5.867837837837838,1862,361,2,2,68,141,3544.3,3113,1657,1506,417.0,162.0,1205,3710,1.6994594594594594,0.23516216216216218,7295,25184,3285,6588,1349,100,849,3236,2166,5130.0,256,0.2610277777777778,0.35644444444444445,0.35891666666666666,0.7153611111111111,64,60,4.833793103448276,855,84,0,0,8,32,1252.3999999999999,1201,668,613,157.0,80.0,474,1167,1.5079310344827586,0.22255172413793103
138,5288,16337,2251,4044,807,86,502,1986,1778,4378.0,432,0.28963636363636364,0.39524242424242423,0.45042424242424245,0.8456666666666667,397,379,4.081891891891892,3368,814,8,3,167,274,7027.4,6513,3504,3230,929.0,263.0,2433,6785,1.1608108108108108,0.19954054054054055,7577,23968,3136,5763,1168,77,860,3001,2499,6727.0,390,0.2156764705882353,0.29955882352941177,0.3878823529411765,0.6874411764705882,69,101,5.414285714285714,1073,117,1,1,27,77,1524.8999999999999,1304,816,748,210.0,74.0,793,1500,1.3596428571428572,0.20767857142857143
46,7248,24283,3224,6139,1190,69,1064,3419,2326,6370.0,165,0.15056818181818182,0.24988636363636366,0.20911363636363636,0.459,413,388,4.671111111111111,3549,749,19,5,67,179,7052.0,6352,3450,3182,879.0,359.0,2711,7490,1.4507407407407409,0.23081481481481483,5173,17617,2686,4616,949,80,778,2588,2041,4610.0,460,0.25245454545454543,0.33196969696969697,0.38663636363636367,0.7186060606060606,313,336,4.427083333333333,1515,833,19,8,14,33,5411.2,5188,2672,2480,642.0,214.0,1847,5371,1.45875,0.25533333333333336
54,7248,24283,3224,6139,1190,69,1064,3419,2326,6370.0,165,0.15056818181818182,0.24988636363636366,0.20911363636363636,0.459,413,388,4.671111111111111,3549,749,19,5,67,179,7052.0,6352,3450,3182,879.0,359.0,2711,7490,1.4507407407407409,0.23081481481481483,7832,26639,3568,6604,1363,113,999,3456,2338,6376.0,399,0.2319705882352941,0.2686764705882353,0.44867647058823534,0.7173529411764706,383,386,4.823235294117647,2737,973,7,4,54,128,7107.4,6912,3603,3333,899.0,300.0,2412,6619,1.601764705882353,0.2577647058823529
115,3645,12224,1835,3093,677,61,536,1766,1358,3113.0,268,0.23044444444444445,0.3387037037037037,0.35374074074074074,0.6924444444444445,119,139,11.888571428571428,1225,236,2,1,28,66,2256.2,2171,1198,1090,259.0,143.0,949,2193,2.1295238095238096,0.25723809523809527,3091,9946,1248,2400,459,72,312,1153,794,2712.0,89,0.2808787878787879,0.3413030303030303,0.45812121212121215,0.7994242424242425,111,104,2.555,515,304,2,1,8,12,1875.4,1731,933,872,258.0,77.0,559,1747,1.335,0.22405
163,4458,14358,1951,3558,737,84,466,1789,1272,3653.0,309,0.1933,0.273525,0.329625,0.6031500000000001,328,339,4.760000000000001,3640,465,3,1,223,389,5813.3,5511,2871,2607,749.0,299.0,2056,5592,1.358148148148148,0.25607407407407407,4033,12347,1650,3020,588,40,463,1685,1302,3233.0,116,0.25892499999999996,0.351225,0.43479999999999996,0.786025,80,78,5.54,1041,100,1,1,18,58,1481.4,1307,760,692,215.0,83.0,665,1471,1.5711538461538461,0.24465384615384614
196,5769,19521,2765,4840,1039,87,760,2657,2460,3799.0,423,0.22316666666666668,0.3619444444444444,0.4385,0.8004444444444444,130,182,2.810769230769231,694,446,2,1,3,8,2642.8,2579,1473,1412,435.0,106.0,1022,2459,1.3853846153846154,0.1793076923076923,7295,25184,3285,6588,1349,100,849,3236,2166,5130.0,256,0.2610277777777778,0.35644444444444445,0.35891666666666666,0.7153611111111111,64,60,4.833793103448276,855,84,0,0,8,32,1252.3999999999999,1201,668,613,157.0,80.0,474,1167,1.5079310344827586,0.22255172413793103
333,1260,3688,433,878,151,15,81,376,285,900.0,88,0.24058333333333332,0.3154444444444444,0.33955555555555555,0.6549999999999999,80,106,8.02375,601,234,12,4,22,37,1720.0,1512,820,732,209.0,87.0,667,1613,1.8429166666666668,0.21637499999999998,5173,17617,2686,4616,949,80,778,2588,2041,4610.0,460,0.25245454545454543,0.33196969696969697,0.38663636363636367,0.7186060606060606,313,336,4.427083333333333,1515,833,19,8,14,33,5411.2,5188,2672,2480,642.0,214.0,1847,5371,1.45875,0.25533333333333336
248,3091,9946,1248,2400,459,72,312,1153,794,2712.0,89,0.2808787878787879,0.3413030303030303,0.45812121212121215,0.7994242424242425,111,104,2.555,515,304,2,1,8,12,1875.4,1731,933,872,258.0,77.0,559,1747,1.335,0.22405,5923,19081,3144,4831,1044,81,868,2787,2462,4550.0,296,0.21283333333333332,0.3476,0.32703333333333334,0.6746333333333333,361,283,4.6284210526315785,3233,519,1,1,307,438,5420.400000000001,4435,2336,2143,593.0,191.0,2195,6212,1.726842105263158,0.2311315789473684
2,3153,10370,1263,2585,527,40,340,1295,821,2322.0,94,0.145375,0.24575,0.22028125,0.46603125,86,91,4.5148,867,172,0,0,48,78,1674.8,1494,829,766,203.0,95.0,691,1731,1.4384000000000001,0.19872,5837,19035,2601,4691,920,102,743,2573,1831,4965.0,266,0.23971428571428574,0.3502285714285714,0.3880857142857143,0.7383142857142857,273,289,5.2318181818181815,2047,606,4,3,121,178,4716.099999999999,4393,2395,2174,520.0,289.0,1869,4552,1.5618181818181818,0.22577272727272726
28,3153,10370,1263,2585,527,40,340,1295,821,2322.0,94,0.145375,0.24575,0.22028125,0.46603125,86,91,4.5148,867,172,0,0,48,78,1674.8,1494,829,766,203.0,95.0,691,1731,1.4384000000000001,0.19872,2869,9622,1172,2440,463,41,258,1105,773,2115.0,239,0.2782222222222222,0.3437777777777778,0.43437037037037035,0.7781481481481483,104,118,5.599090909090909,698,290,1,1,15,41,1943.1999999999998,1940,1041,966,273.0,83.0,692,1675,1.6018181818181818,0.2529090909090909
433,7832,26639,3568,6604,1363,113,999,3456,2338,6376.0,399,0.2319705882352941,0.2686764705882353,0.44867647058823534,0.7173529411764706,383,386,4.823235294117647,2737,973,7,4,54,128,7107.4,6912,3603,3333,899.0,300.0,2412,6619,1.601764705882353,0.2577647058823529,2869,9622,1172,2440,463,41,258,1105,773,2115.0,239,0.2782222222222222,0.3437777777777778,0.43437037037037035,0.7781481481481483,104,118,5.599090909090909,698,290,1,1,15,41,1943.1999999999998,1940,1041,966,273.0,83.0,692,1675,1.6018181818181818,0.2529090909090909
395,4878,16791,2298,4251,857,81,710,2382,1606,4411.0,189,0.26233333333333336,0.3793666666666667,0.44126666666666664,0.8206333333333333,56,38,5.9123809523809525,563,73,3,2,5,17,981.6999999999999,997,512,474,128.0,55.0,320,899,1.9119047619047618,0.23347619047619045,3960,12796,1736,3165,634,40,472,1689,1361,3240.0,256,0.1895757575757576,0.26912121212121215,0.25572727272727275,0.5248484848484849,62,75,5.296296296296297,667,97,0,0,28,55,1097.8999999999999,990,602,544,155.0,43.0,492,1127,1.5318518518518518,0.23207407407407407
9,3153,10370,1263,2585,527,40,340,1295,821,2322.0,94,0.145375,0.24575,0.22028125,0.46603125,86,91,4.5148,867,172,0,0,48,78,1674.8,1494,829,766,203.0,95.0,691,1731,1.4384000000000001,0.19872,3091,9946,1248,2400,459,72,312,1153,794,2712.0,89,0.2808787878787879,0.3413030303030303,0.45812121212121215,0.7994242424242425,111,104,2.555,515,304,2,1,8,12,1875.4,1731,933,872,258.0,77.0,559,1747,1.335,0.22405
325,5923,19081,3144,4831,1044,81,868,2787,2462,4550.0,296,0.21283333333333332,0.3476,0.32703333333333334,0.6746333333333333,361,283,4.6284210526315785,3233,519,1,1,307,438,5420.400000000001,4435,2336,2143,593.0,191.0,2195,6212,1.726842105263158,0.2311315789473684,3122,10740,1483,2817,564,49,478,1625,948,2378.0,105,0.20673333333333332,0.3202666666666667,0.36743333333333333,0.6877,237,251,7.533793103448277,1594,527,4,3,102,164,4023.8,3974,2053,1907,547.0,152.0,1256,3521,2.110689655172414,0.27782758620689657
387,5173,17617,2686,4616,949,80,778,2588,2041,4610.0,460,0.25245454545454543,0.33196969696969697,0.38663636363636367,0.7186060606060606,313,336,4.427083333333333,1515,833,19,8,14,33,5411.2,5188,2672,2480,642.0,214.0,1847,5371,1.45875,0.25533333333333336,7832,26639,3568,6604,1363,113,999,3456,2338,6376.0,399,0.2319705882352941,0.2686764705882353,0.44867647058823534,0.7173529411764706,383,386,4.823235294117647,2737,973,7,4,54,128,7107.4,6912,3603,3333,899.0,300.0,2412,6619,1.601764705882353,0.2577647058823529
153,5288,16337,2251,4044,807,86,502,1986,1778,4378.0,432,0.28963636363636364,0.39524242424242423,0.45042424242424245,0.8456666666666667,397,379,4.081891891891892,3368,814,8,3,167,274,7027.4,6513,3504,3230,929.0,263.0,2433,6785,1.1608108108108108,0.19954054054054055,6763,21961,3045,5338,1151,100,880,2887,2260,5770.0,222,0.235,0.33784615384615385,0.39256410256410257,0.7304102564102565,227,202,3.7483333333333335,1360,509,4,3,110,146,3736.9,3444,1788,1644,455.0,149.0,1400,4018,1.2756666666666665,0.21786666666666665
97,5837,19035,2601,4691,920,102,743,2573,1831,4965.0,266,0.23971428571428574,0.3502285714285714,0.3880857142857143,0.7383142857142857,273,289,5.2318181818181815,2047,606,4,3,121,178,4716.099999999999,4393,2395,2174,520.0,289.0,1869,4552,1.5618181818181818,0.22577272727272726,5063,17139,2331,4369,896,60,672,2339,1555,4311.0,198,0.15724242424242424,0.27454545454545454,0.2493030303030303,0.5238484848484848,55,74,5.291111111111111,816,79,0,0,68,94,1221.6,1208,670,593,173.0,63.0,417,1259,1.5388888888888888,0.21144444444444443
239,7577,23968,3136,5763,1168,77,860,3001,2499,6727.0,390,0.2156764705882353,0.29955882352941177,0.3878823529411765,0.6874411764705882,69,101,5.414285714285714,1073,117,1,1,27,77,1524.8999999999999,1304,816,748,210.0,74.0,793,1500,1.3596428571428572,0.20767857142857143,6763,21961,3045,5338,1151,100,880,2887,2260,5770.0,222,0.235,0.33784615384615385,0.39256410256410257,0.7304102564102565,227,202,3.7483333333333335,1360,509,4,3,110,146,3736.9,3444,1788,1644,455.0,149.0,1400,4018,1.2756666666666665,0.21786666666666665
102,5837,19035,2601,4691,920,102,743,2573,1831,4965.0,266,0.23971428571428574,0.3502285714285714,0.3880857142857143,0.7383142857142857,273,289,5.2318181818181815,2047,606,4,3,121,178,4716.099999999999,4393,2395,2174,520.0,289.0,1869,4552,1.5618181818181818,0.22577272727272726,7295,25184,3285,6588,1349,100,849,3236,2166,5130.0,256,0.2610277777777778,0.35644444444444445,0.35891666666666666,0.7153611111111111,64,60,4.833793103448276,855,84,0,0,8,32,1252.3999999999999,1201,668,613,157.0,80.0,474,1167,1.5079310344827586,0.22255172413793103
184,5769,19521,2765,4840,1039,87,760,2657,2460,3799.0,423,0.22316666666666668,0.3619444444444444,0.4385,0.8004444444444444,130,182,2.810769230769231,694,446,2,1,3,8,2642.8,2579,1473,1412,435.0,106.0,1022,2459,1.3853846153846154,0.1793076923076923,3091,9946,1248,2400,459,72,312,1153,794,2712.0,89,0.2808787878787879,0.3413030303030303,0.45812121212121215,0.7994242424242425,111,104,2.555,515,304,2,1,8,12,1875.4,1731,933,872,258.0,77.0,559,1747,1.335,0.22405
57,6488,22010,2964,5703,1121,104,828,3039,2005,5127.0,225,0.23582857142857142,0.3150571428571428,0.31994285714285714,0.635,229,186,5.867837837837838,1862,361,2,2,68,141,3544.3,3113,1657,1506,417.0,162.0,1205,3710,1.6994594594594594,0.23516216216216218,5837,19035,2601,4691,920,102,743,2573,1831,4965.0,266,0.23971428571428574,0.3502285714285714,0.3880857142857143,0.7383142857142857,273,289,5.2318181818181815,2047,606,4,3,121,178,4716.099999999999,4393,2395,2174,520.0,289.0,1869,4552,1.5618181818181818,0.22577272727272726
215,4672,14729,1886,3584,736,67,494,1911,1264,4259.0,253,0.2241590909090909,0.2825,0.3693181818181818,0.6518181818181819,287,309,3.572058823529412,2009,676,5,2,89,163,5105.5,5276,2819,2638,689.0,215.0,1787,4263,1.3908823529411765,0.21244117647058824,4878,16791,2298,4251,857,81,710,2382,1606,4411.0,189,0.26233333333333336,0.3793666666666667,0.44126666666666664,0.8206333333333333,56,38,5.9123809523809525,563,73,3,2,5,17,981.6999999999999,997,512,474,128.0,55.0,320,899,1.9119047619047618,0.23347619047619045
336,1260,3688,433,878,151,15,81,376,285,900.0,88,0.24058333333333332,0.3154444444444444,0.33955555555555555,0.6549999999999999,80,106,8.02375,601,234,12,4,22,37,1720.0,1512,820,732,209.0,87.0,667,1613,1.8429166666666668,0.21637499999999998,7295,25184,3285,6588,1349,100,849,3236,2166,5130.0,256,0.2610277777777778,0.35644444444444445,0.35891666666666666,0.7153611111111111,64,60,4.833793103448276,855,84,0,0,8,32,1252.3999999999999,1201,668,613,157.0,80.0,474,1167,1.5079310344827586,0.22255172413793103
148,5288,16337,2251,4044,807,86,502,1986,1778,4378.0,432,0.28963636363636364,0.39524242424242423,0.45042424242424245,0.8456666666666667,397,379,4.081891891891892,3368,814,8,3,167,274,7027.4,6513,3504,3230,929.0,263.0,2433,6785,1.1608108108108108,0.19954054054054055,5173,17617,2686,4616,949,80,778,2588,2041,4610.0,460,0.25245454545454543,0.33196969696969697,0.38663636363636367,0.7186060606060606,313,336,4.427083333333333,1515,833,19,8,14,33,5411.2,5188,2672,2480,642.0,214.0,1847,5371,1.45875,0.25533333333333336
165,4458,14358,1951,3558,737,84,466,1789,1272,3653.0,309,0.1933,0.273525,0.329625,0.6031500000000001,328,339,4.760000000000001,3640,465,3,1,223,389,5813.3,5511,2871,2607,749.0,299.0,2056,5592,1.358148148148148,0.25607407407407407,4023,13809,1710,3435,674,72,404,1615,1207,3384.0,151,0.20815151515151514,0.32093939393939397,0.3199393939393939,0.6408787878787879,220,225,9.83,1091,583,8,5,9,29,3770.6,3666,1941,1792,489.0,195.0,1283,3181,1.8665517241379308,0.23848275862068966
112,3645,12224,1835,3093,677,61,536,1766,1358,3113.0,268,0.23044444444444445,0.3387037037037037,0.35374074074074074,0.6924444444444445,119,139,11.888571428571428,1225,236,2,1,28,66,2256.2,2171,1198,1090,259.0,143.0,949,2193,2.1295238095238096,0.25723809523809527,5769,19521,2765,4840,1039,87,760,2657,2460,3799.0,423,0.22316666666666668,0.3619444444444444,0.4385,0.8004444444444444,130,182,2.810769230769231,694,446,2,1,3,8,2642.8,2579,1473,1412,435.0,106.0,1022,2459,1.3853846153846154,0.1793076923076923
256,3091,9946,1248,2400,459,72,312,1153,794,2712.0,89,0.2808787878787879,0.3413030303030303,0.45812121212121215,0.7994242424242425,111,104,2.555,515,304,2,1,8,12,1875.4,1731,933,872,258.0,77.0,559,1747,1.335,0.22405,7295,25184,3285,6588,1349,100,849,3236,2166,5130.0,256,0.2610277777777778,0.35644444444444445,0.35891666666666666,0.7153611111111111,64,60,4.833793103448276,855,84,0,0,8,32,1252.3999999999999,1201,668,613,157.0,80.0,474,1167,1.5079310344827586,0.22255172413793103
370,5830,20467,3227,5386,1047,77,990,3023,2479,4507.0,365,0.1837272727272727,0.2634090909090909,0.29227272727272724,0.5556818181818182,99,84,6.430294117647058,1194,47,0,0,92,160,1560.5,1400,810,746,181.0,92.0,675,1564,1.6088235294117648,0.2698235294117647,4878,16791,2298,4251,857,81,710,2382,1606,4411.0,189,0.26233333333333336,0.3793666666666667,0.44126666666666664,0.8206333333333333,56,38,5.9123809523809525,563,73,3,2,5,17,981.6999999999999,997,512,474,128.0,55.0,320,899,1.9119047619047618,0.23347619047619045
380,5173,17617,2686,4616,949,80,778,2588,2041,4610.0,460,0.25245454545454543,0.33196969696969697,0.38663636363636367,0.7186060606060606,313,336,4.427083333333333,1515,833,19,8,14,33,5411.2,5188,2672,2480,642.0,214.0,1847,5371,1.45875,0.25533333333333336,4878,16791,2298,4251,857,81,710,2382,1606,4411.0,189,0.26233333333333336,0.3793666666666667,0.44126666666666664,0.8206333333333333,56,38,5.9123809523809525,563,73,3,2,5,17,981.6999999999999,997,512,474,128.0,55.0,320,899,1.9119047619047618,0.23347619047619045
411,7295,25184,3285,6588,1349,100,849,3236,2166,5130.0,256,0.2610277777777778,0.35644444444444445,0.35891666666666666,0.7153611111111111,64,60,4.833793103448276,855,84,0,0,8,32,1252.3999999999999,1201,668,613,157.0,80.0,474,1167,1.5079310344827586,0.22255172413793103,7832,26639,3568,6604,1363,113,999,3456,2338,6376.0,399,0.2319705882352941,0.2686764705882353,0.44867647058823534,0.7173529411764706,383,386,4.823235294117647,2737,973,7,4,54,128,7107.4,6912,3603,3333,899.0,300.0,2412,6619,1.601764705882353,0.2577647058823529
91,5837,19035,2601,4691,920,102,743,2573,1831,4965.0,266,0.23971428571428574,0.3502285714285714,0.3880857142857143,0.7383142857142857,273,289,5.2318181818181815,2047,606,4,3,121,178,4716.099999999999,4393,2395,2174,520.0,289.0,1869,4552,1.5618181818181818,0.22577272727272726,4033,12347,1650,3020,588,40,463,1685,1302,3233.0,116,0.25892499999999996,0.351225,0.43479999999999996,0.786025,80,78,5.54,1041,100,1,1,18,58,1481.4,1307,760,692,215.0,83.0,665,1471,1.5711538461538461,0.24465384615384614
114,3645,12224,1835,3093,677,61,536,1766,1358,3113.0,268,0.23044444444444445,0.3387037037037037,0.35374074074074074,0.6924444444444445,119,139,11.888571428571428,1225,236,2,1,28,66,2256.2,2171,1198,1090,259.0,143.0,949,2193,2.1295238095238096,0.25723809523809527,7577,23968,3136,5763,1168,77,860,3001,2499,6727.0,390,0.2156764705882353,0.29955882352941177,0.3878823529411765,0.6874411764705882,69,101,5.414285714285714,1073,117,1,1,27,77,1524.8999999999999,1304,816,748,210.0,74.0,793,1500,1.3596428571428572,0.20767857142857143
70,6488,22010,2964,5703,1121,104,828,3039,2005,5127.0,225,0.23582857142857142,0.3150571428571428,0.31994285714285714,0.635,229,186,5.867837837837838,1862,361,2,2,68,141,3544.3,3113,1657,1506,417.0,162.0,1205,3710,1.6994594594594594,0.23516216216216218,3460,11163,1505,2710,542,42,442,1533,1204,3344.0,230,0.18175,0.24475,0.2927777777777778,0.5375277777777777,48,53,6.576,476,63,0,0,9,32,790.6,739,441,393,104.0,43.0,331,746,1.8242857142857143,0.20405714285714285
116,3645,12224,1835,3093,677,61,536,1766,1358,3113.0,268,0.23044444444444445,0.3387037037037037,0.35374074074074074,0.6924444444444445,119,139,11.888571428571428,1225,236,2,1,28,66,2256.2,2171,1198,1090,259.0,143.0,949,2193,2.1295238095238096,0.25723809523809527,4033,12347,1650,3020,588,40,463,1685,1302,3233.0,116,0.25892499999999996,0.351225,0.43479999999999996,0.786025,80,78,5.54,1041,100,1,1,18,58,1481.4,1307,760,692,215.0,83.0,665,1471,1.5711538461538461,0.24465384615384614
392,4878,16791,2298,4251,857,81,710,2382,1606,4411.0,189,0.26233333333333336,0.3793666666666667,0.44126666666666664,0.8206333333333333,56,38,5.9123809523809525,563,73,3,2,5,17,981.6999999999999,997,512,474,128.0,55.0,320,899,1.9119047619047618,0.23347619047619045,4718,15948,2260,3918,801,62,624,2120,1606,4300.0,365,0.27075,0.35655000000000003,0.48557500000000003,0.842125,273,273,7.626744186046511,2043,627,5,2,132,184,4949.2,4547,2438,2245,620.0,189.0,1775,4796,1.9848837209302324,0.24741860465116278
121,3645,12224,1835,3093,677,61,536,1766,1358,3113.0,268,0.23044444444444445,0.3387037037037037,0.35374074074074074,0.6924444444444445,119,139,11.888571428571428,1225,236,2,1,28,66,2256.2,2171,1198,1090,259.0,143.0,949,2193,2.1295238095238096,0.25723809523809527,3460,11163,1505,2710,542,42,442,1533,1204,3344.0,230,0.18175,0.24475,0.2927777777777778,0.5375277777777777,48,53,6.576,476,63,0,0,9,32,790.6,739,441,393,104.0,43.0,331,746,1.8242857142857143,0.20405714285714285
274,4033,12347,1650,3020,588,40,463,1685,1302,3233.0,116,0.25892499999999996,0.351225,0.43479999999999996,0.786025,80,78,5.54,1041,100,1,1,18,58,1481.4,1307,760,692,215.0,83.0,665,1471,1.5711538461538461,0.24465384615384614,7295,25184,3285,6588,1349,100,849,3236,2166,5130.0,256,0.2610277777777778,0.35644444444444445,0.35891666666666666,0.7153611111111111,64,60,4.833793103448276,855,84,0,0,8,32,1252.3999999999999,1201,668,613,157.0,80.0,474,1167,1.5079310344827586,0.22255172413793103
358,5063,17139,2331,4369,896,60,672,2339,1555,4311.0,198,0.15724242424242424,0.27454545454545454,0.2493030303030303,0.5238484848484848,55,74,5.291111111111111,816,79,0,0,68,94,1221.6,1208,670,593,173.0,63.0,417,1259,1.5388888888888888,0.21144444444444443,5173,17617,2686,4616,949,80,778,2588,2041,4610.0,460,0.25245454545454543,0.33196969696969697,0.38663636363636367,0.7186060606060606,313,336,4.427083333333333,1515,833,19,8,14,33,5411.2,5188,2672,2480,642.0,214.0,1847,5371,1.45875,0.25533333333333336
399,3105,9815,1271,2413,467,58,220,1040,852,2330.0,179,0.26259375,0.33553125,0.38,0.71553125,166,198,4.658095238095238,2274,244,2,1,126,205,3251.5,3049,1739,1579,385.0,224.0,1366,3323,1.4252380952380952,0.23133333333333336,7295,25184,3285,6588,1349,100,849,3236,2166,5130.0,256,0.2610277777777778,0.35644444444444445,0.35891666666666666,0.7153611111111111,64,60,4.833793103448276,855,84,0,0,8,32,1252.3999999999999,1201,668,613,157.0,80.0,474,1167,1.5079310344827586,0.22255172413793103
299,4023,13809,1710,3435,674,72,404,1615,1207,3384.0,151,0.20815151515151514,0.32093939393939397,0.3199393939393939,0.6408787878787879,220,225,9.83,1091,583,8,5,9,29,3770.6,3666,1941,1792,489.0,195.0,1283,3181,1.8665517241379308,0.23848275862068966,5923,19081,3144,4831,1044,81,868,2787,2462,4550.0,296,0.21283333333333332,0.3476,0.32703333333333334,0.6746333333333333,361,283,4.6284210526315785,3233,519,1,1,307,438,5420.400000000001,4435,2336,2143,593.0,191.0,2195,6212,1.726842105263158,0.2311315789473684
179,4458,14358,1951,3558,737,84,466,1789,1272,3653.0,309,0.1933,0.273525,0.329625,0.6031500000000001,328,339,4.760000000000001,3640,465,3,1,223,389,5813.3,5511,2871,2607,749.0,299.0,2056,5592,1.358148148148148,0.25607407407407407,7832,26639,3568,6604,1363,113,999,3456,2338,6376.0,399,0.2319705882352941,0.2686764705882353,0.44867647058823534,0.7173529411764706,383,386,4.823235294117647,2737,973,7,4,54,128,7107.4,6912,3603,3333,899.0,300.0,2412,6619,1.601764705882353,0.2577647058823529
197,5769,19521,2765,4840,1039,87,760,2657,2460,3799.0,423,0.22316666666666668,0.3619444444444444,0.4385,0.8004444444444444,130,182,2.810769230769231,694,446,2,1,3,8,2642.8,2579,1473,1412,435.0,106.0,1022,2459,1.3853846153846154,0.1793076923076923,4718,15948,2260,3918,801,62,624,2120,1606,4300.0,365,0.27075,0.35655000000000003,0.48557500000000003,0.842125,273,273,7.626744186046511,2043,627,5,2,132,184,4949.2,4547,2438,2245,620.0,189.0,1775,4796,1.9848837209302324,0.24741860465116278
105,5837,19035,2601,4691,920,102,743,2573,1831,4965.0,266,0.23971428571428574,0.3502285714285714,0.3880857142857143,0.7383142857142857,273,289,5.2318181818181815,2047,606,4,3,121,178,4716.099999999999,4393,2395,2174,520.0,289.0,1869,4552,1.5618181818181818,0.22577272727272726,3122,10740,1483,2817,564,49,478,1625,948,2378.0,105,0.20673333333333332,0.3202666666666667,0.36743333333333333,0.6877,237,251,7.533793103448277,1594,527,4,3,102,164,4023.8,3974,2053,1907,547.0,152.0,1256,3521,2.110689655172414,0.27782758620689657
20,3153,10370,1263,2585,527,40,340,1295,821,2322.0,94,0.145375,0.24575,0.22028125,0.46603125,86,91,4.5148,867,172,0,0,48,78,1674.8,1494,829,766,203.0,95.0,691,1731,1.4384000000000001,0.19872,3105,9815,1271,2413,467,58,220,1040,852,2330.0,179,0.26259375,0.33553125,0.38,0.71553125,166,198,4.658095238095238,2274,244,2,1,126,205,3251.5,3049,1739,1579,385.0,224.0,1366,3323,1.4252380952380952,0.23133333333333336
237,7577,23968,3136,5763,1168,77,860,3001,2499,6727.0,390,0.2156764705882353,0.29955882352941177,0.3878823529411765,0.6874411764705882,69,101,5.414285714285714,1073,117,1,1,27,77,1524.8999999999999,1304,816,748,210.0,74.0,793,1500,1.3596428571428572,0.20767857142857143,7295,25184,3285,6588,1349,100,849,3236,2166,5130.0,256,0.2610277777777778,0.35644444444444445,0.35891666666666666,0.7153611111111111,64,60,4.833793103448276,855,84,0,0,8,32,1252.3999999999999,1201,668,613,157.0,80.0,474,1167,1.5079310344827586,0.22255172413793103
212,4672,14729,1886,3584,736,67,494,1911,1264,4259.0,253,0.2241590909090909,0.2825,0.3693181818181818,0.6518181818181819,287,309,3.572058823529412,2009,676,5,2,89,163,5105.5,5276,2819,2638,689.0,215.0,1787,4263,1.3908823529411765,0.21244117647058824,5063,17139,2331,4369,896,60,672,2339,1555,4311.0,198,0.15724242424242424,0.27454545454545454,0.2493030303030303,0.5238484848484848,55,74,5.291111111111111,816,79,0,0,68,94,1221.6,1208,670,593,173.0,63.0,417,1259,1.5388888888888888,0.21144444444444443
183,5769,19521,2765,4840,1039,87,760,2657,2460,3799.0,423,0.22316666666666668,0.3619444444444444,0.4385,0.8004444444444444,130,182,2.810769230769231,694,446,2,1,3,8,2642.8,2579,1473,1412,435.0,106.0,1022,2459,1.3853846153846154,0.1793076923076923,7577,23968,3136,5763,1168,77,860,3001,2499,6727.0,390,0.2156764705882353,0.29955882352941177,0.3878823529411765,0.6874411764705882,69,101,5.414285714285714,1073,117,1,1,27,77,1524.8999999999999,1304,816,748,210.0,74.0,793,1500,1.3596428571428572,0.20767857142857143
182,5769,19521,2765,4840,1039,87,760,2657,2460,3799.0,423,0.22316666666666668,0.3619444444444444,0.4385,0.8004444444444444,130,182,2.810769230769231,694,446,2,1,3,8,2642.8,2579,1473,1412,435.0,106.0,1022,2459,1.3853846153846154,0.1793076923076923,4672,14729,1886,3584,736,67,494,1911,1264,4259.0,253,0.2241590909090909,0.2825,0.3693181818181818,0.6518181818181819,287,309,3.572058823529412,2009,676,5,2,89,163,5105.5,5276,2819,2638,689.0,215.0,1787,4263,1.3908823529411765,0.21244117647058824
355,3460,11163,1505,2710,542,42,442,1533,1204,3344.0,230,0.18175,0.24475,0.2927777777777778,0.5375277777777777,48,53,6.576,476,63,0,0,9,32,790.6,739,441,393,104.0,43.0,331,746,1.8242857142857143,0.20405714285714285,4260,14253,1887,3744,726,42,430,1757,1182,2865.0,302,0.30278125,0.37728125,0.41431250000000003,0.79159375,84,79,5.423809523809524,1058,63,0,0,59,112,1318.7,1097,607,544,193.0,63.0,374,1407,1.3823809523809525,0.21733333333333332
84,5837,19035,2601,4691,920,102,743,2573,1831,4965.0,266,0.23971428571428574,0.3502285714285714,0.3880857142857143,0.7383142857142857,273,289,5.2318181818181815,2047,606,4,3,121,178,4716.099999999999,4393,2395,2174,520.0,289.0,1869,4552,1.5618181818181818,0.22577272727272726,3645,12224,1835,3093,677,61,536,1766,1358,3113.0,268,0.23044444444444445,0.3387037037037037,0.35374074074074074,0.6924444444444445,119,139,11.888571428571428,1225,236,2,1,28,66,2256.2,2171,1198,1090,259.0,143.0,949,2193,2.1295238095238096,0.25723809523809527
59,6488,22010,2964,5703,1121,104,828,3039,2005,5127.0,225,0.23582857142857142,0.3150571428571428,0.31994285714285714,0.635,229,186,5.867837837837838,1862,361,2,2,68,141,3544.3,3113,1657,1506,417.0,162.0,1205,3710,1.6994594594594594,0.23516216216216218,5288,16337,2251,4044,807,86,502,1986,1778,4378.0,432,0.28963636363636364,0.39524242424242423,0.45042424242424245,0.8456666666666667,397,379,4.081891891891892,3368,814,8,3,167,274,7027.4,6513,3504,3230,929.0,263.0,2433,6785,1.1608108108108108,0.19954054054054055
58,6488,22010,2964,5703,1121,104,828,3039,2005,5127.0,225,0.23582857142857142,0.3150571428571428,0.31994285714285714,0.635,229,186,5.867837837837838,1862,361,2,2,68,141,3544.3,3113,1657,1506,417.0,162.0,1205,3710,1.6994594594594594,0.23516216216216218,3645,12224,1835,3093,677,61,536,1766,1358,3113.0,268,0.23044444444444445,0.3387037037037037,0.35374074074074074,0.6924444444444445,119,139,11.888571428571428,1225,236,2,1,28,66,2256.2,2171,1198,1090,259.0,143.0,949,2193,2.1295238095238096,0.25723809523809527
156,5288,16337,2251,4044,807,86,502,1986,1778,4378.0,432,0.28963636363636364,0.39524242424242423,0.45042424242424245,0.8456666666666667,397,379,4.081891891891892,3368,814,8,3,167,274,7027.4,6513,3504,3230,929.0,263.0,2433,6785,1.1608108108108108,0.19954054054054055,7832,26639,3568,6604,1363,113,999,3456,2338,6376.0,399,0.2319705882352941,0.2686764705882353,0.44867647058823534,0.7173529411764706,383,386,4.823235294117647,2737,973,7,4,54,128,7107.4,6912,3603,3333,899.0,300.0,2412,6619,1.601764705882353,0.2577647058823529
429,3960,12796,1736,3165,634,40,472,1689,1361,3240.0,256,0.1895757575757576,0.26912121212121215,0.25572727272727275,0.5248484848484849,62,75,5.296296296296297,667,97,0,0,28,55,1097.8999999999999,990,602,544,155.0,43.0,492,1127,1.5318518518518518,0.23207407407407407,7832,26639,3568,6604,1363,113,999,3456,2338,6376.0,399,0.2319705882352941,0.2686764705882353,0.44867647058823534,0.7173529411764706,383,386,4.823235294117647,2737,973,7,4,54,128,7107.4,6912,3603,3333,899.0,300.0,2412,6619,1.601764705882353,0.2577647058823529
403,3105,9815,1271,2413,467,58,220,1040,852,2330.0,179,0.26259375,0.33553125,0.38,0.71553125,166,198,4.658095238095238,2274,244,2,1,126,205,3251.5,3049,1739,1579,385.0,224.0,1366,3323,1.4252380952380952,0.23133333333333336,3960,12796,1736,3165,634,40,472,1689,1361,3240.0,256,0.1895757575757576,0.26912121212121215,0.25572727272727275,0.5248484848484849,62,75,5.296296296296297,667,97,0,0,28,55,1097.8999999999999,990,602,544,155.0,43.0,492,1127,1.5318518518518518,0.23207407407407407
326,5923,19081,3144,4831,1044,81,868,2787,2462,4550.0,296,0.21283333333333332,0.3476,0.32703333333333334,0.6746333333333333,361,283,4.6284210526315785,3233,519,1,1,307,438,5420.400000000001,4435,2336,2143,593.0,191.0,2195,6212,1.726842105263158,0.2311315789473684,3960,12796,1736,3165,634,40,472,1689,1361,3240.0,256,0.1895757575757576,0.26912121212121215,0.25572727272727275,0.5248484848484849,62,75,5.296296296296297,667,97,0,0,28,55,1097.8999999999999,990,602,544,155.0,43.0,492,1127,1.5318518518518518,0.23207407407407407
198,5769,19521,2765,4840,1039,87,760,2657,2460,3799.0,423,0.22316666666666668,0.3619444444444444,0.4385,0.8004444444444444,130,182,2.810769230769231,694,446,2,1,3,8,2642.8,2579,1473,1412,435.0,106.0,1022,2459,1.3853846153846154,0.1793076923076923,6763,21961,3045,5338,1151,100,880,2887,2260,5770.0,222,0.235,0.33784615384615385,0.39256410256410257,0.7304102564102565,227,202,3.7483333333333335,1360,509,4,3,110,146,3736.9,3444,1788,1644,455.0,149.0,1400,4018,1.2756666666666665,0.21786666666666665
170,4458,14358,1951,3558,737,84,466,1789,1272,3653.0,309,0.1933,0.273525,0.329625,0.6031500000000001,328,339,4.760000000000001,3640,465,3,1,223,389,5813.3,5511,2871,2607,749.0,299.0,2056,5592,1.358148148148148,0.25607407407407407,5830,20467,3227,5386,1047,77,990,3023,2479,4507.0,365,0.1837272727272727,0.2634090909090909,0.29227272727272724,0.5556818181818182,99,84,6.430294117647058,1194,47,0,0,92,160,1560.5,1400,810,746,181.0,92.0,675,1564,1.6088235294117648,0.2698235294117647
60,6488,22010,2964,5703,1121,104,828,3039,2005,5127.0,225,0.23582857142857142,0.3150571428571428,0.31994285714285714,0.635,229,186,5.867837837837838,1862,361,2,2,68,141,3544.3,3113,1657,1506,417.0,162.0,1205,3710,1.6994594594594594,0.23516216216216218,4458,14358,1951,3558,737,84,466,1789,1272,3653.0,309,0.1933,0.273525,0.329625,0.6031500000000001,328,339,4.760000000000001,3640,465,3,1,223,389,5813.3,5511,2871,2607,749.0,299.0,2056,5592,1.358148148148148,0.25607407407407407
175,4458,14358,1951,3558,737,84,466,1789,1272,3653.0,309,0.1933,0.273525,0.329625,0.6031500000000001,328,339,4.760000000000001,3640,465,3,1,223,389,5813.3,5511,2871,2607,749.0,299.0,2056,5592,1.358148148148148,0.25607407407407407,4718,15948,2260,3918,801,62,624,2120,1606,4300.0,365,0.27075,0.35655000000000003,0.48557500000000003,0.842125,273,273,7.626744186046511,2043,627,5,2,132,184,4949.2,4547,2438,2245,620.0,189.0,1775,4796,1.9848837209302324,0.24741860465116278
107,5837,19035,2601,4691,920,102,743,2573,1831,4965.0,266,0.23971428571428574,0.3502285714285714,0.3880857142857143,0.7383142857142857,273,289,5.2318181818181815,2047,606,4,3,121,178,4716.099999999999,4393,2395,2174,520.0,289.0,1869,4552,1.5618181818181818,0.22577272727272726,7832,26639,3568,6604,1363,113,999,3456,2338,6376.0,399,0.2319705882352941,0.2686764705882353,0.44867647058823534,0.7173529411764706,383,386,4.823235294117647,2737,973,7,4,54,128,7107.4,6912,3603,3333,899.0,300.0,2412,6619,1.601764705882353,0.2577647058823529
309,4023,13809,1710,3435,674,72,404,1615,1207,3384.0,151,0.20815151515151514,0.32093939393939397,0.3199393939393939,0.6408787878787879,220,225,9.83,1091,583,8,5,9,29,3770.6,3666,1941,1792,489.0,195.0,1283,3181,1.8665517241379308,0.23848275862068966,6763,21961,3045,5338,1151,100,880,2887,2260,5770.0,222,0.235,0.33784615384615385,0.39256410256410257,0.7304102564102565,227,202,3.7483333333333335,1360,509,4,3,110,146,3736.9,3444,1788,1644,455.0,149.0,1400,4018,1.2756666666666665,0.21786666666666665
386,5173,17617,2686,4616,949,80,778,2588,2041,4610.0,460,0.25245454545454543,0.33196969696969697,0.38663636363636367,0.7186060606060606,313,336,4.427083333333333,1515,833,19,8,14,33,5411.2,5188,2672,2480,642.0,214.0,1847,5371,1.45875,0.25533333333333336,3960,12796,1736,3165,634,40,472,1689,1361,3240.0,256,0.1895757575757576,0.26912121212121215,0.25572727272727275,0.5248484848484849,62,75,5.296296296296297,667,97,0,0,28,55,1097.8999999999999,990,602,544,155.0,43.0,492,1127,1.5318518518518518,0.23207407407407407
181,4458,14358,1951,3558,737,84,466,1789,1272,3653.0,309,0.1933,0.273525,0.329625,0.6031500000000001,328,339,4.760000000000001,3640,465,3,1,223,389,5813.3,5511,2871,2607,749.0,299.0,2056,5592,1.358148148148148,0.25607407407407407,2869,9622,1172,2440,463,41,258,1105,773,2115.0,239,0.2782222222222222,0.3437777777777778,0.43437037037037035,0.7781481481481483,104,118,5.599090909090909,698,290,1,1,15,41,1943.1999999999998,1940,1041,966,273.0,83.0,692,1675,1.6018181818181818,0.2529090909090909
324,5923,19081,3144,4831,1044,81,868,2787,2462,4550.0,296,0.21283333333333332,0.3476,0.32703333333333334,0.6746333333333333,361,283,4.6284210526315785,3233,519,1,1,307,438,5420.400000000001,4435,2336,2143,593.0,191.0,2195,6212,1.726842105263158,0.2311315789473684,6763,21961,3045,5338,1151,100,880,2887,2260,5770.0,222,0.235,0.33784615384615385,0.39256410256410257,0.7304102564102565,227,202,3.7483333333333335,1360,509,4,3,110,146,3736.9,3444,1788,1644,455.0,149.0,1400,4018,1.2756666666666665,0.21786666666666665
371,5830,20467,3227,5386,1047,77,990,3023,2479,4507.0,365,0.1837272727272727,0.2634090909090909,0.29227272727272724,0.5556818181818182,99,84,6.430294117647058,1194,47,0,0,92,160,1560.5,1400,810,746,181.0,92.0,675,1564,1.6088235294117648,0.2698235294117647,3105,9815,1271,2413,467,58,220,1040,852,2330.0,179,0.26259375,0.33553125,0.38,0.71553125,166,198,4.658095238095238,2274,244,2,1,126,205,3251.5,3049,1739,1579,385.0,224.0,1366,3323,1.4252380952380952,0.23133333333333336
245,3091,9946,1248,2400,459,72,312,1153,794,2712.0,89,0.2808787878787879,0.3413030303030303,0.45812121212121215,0.7994242424242425,111,104,2.555,515,304,2,1,8,12,1875.4,1731,933,872,258.0,77.0,559,1747,1.335,0.22405,4033,12347,1650,3020,588,40,463,1685,1302,3233.0,116,0.25892499999999996,0.351225,0.43479999999999996,0.786025,80,78,5.54,1041,100,1,1,18,58,1481.4,1307,760,692,215.0,83.0,665,1471,1.5711538461538461,0.24465384615384614
203,5769,19521,2765,4840,1039,87,760,2657,2460,3799.0,423,0.22316666666666668,0.3619444444444444,0.4385,0.8004444444444444,130,182,2.810769230769231,694,446,2,1,3,8,2642.8,2579,1473,1412,435.0,106.0,1022,2459,1.3853846153846154,0.1793076923076923,2869,9622,1172,2440,463,41,258,1105,773,2115.0,239,0.2782222222222222,0.3437777777777778,0.43437037037037035,0.7781481481481483,104,118,5.599090909090909,698,290,1,1,15,41,1943.1999999999998,1940,1041,966,273.0,83.0,692,1675,1.6018181818181818,0.2529090909090909
300,4023,13809,1710,3435,674,72,404,1615,1207,3384.0,151,0.20815151515151514,0.32093939393939397,0.3199393939393939,0.6408787878787879,220,225,9.83,1091,583,8,5,9,29,3770.6,3666,1941,1792,489.0,195.0,1283,3181,1.8665517241379308,0.23848275862068966,1260,3688,433,878,151,15,81,376,285,900.0,88,0.24058333333333332,0.3154444444444444,0.33955555555555555,0.6549999999999999,80,106,8.02375,601,234,12,4,22,37,1720.0,1512,820,732,209.0,87.0,667,1613,1.8429166666666668,0.21637499999999998
65,6488,22010,2964,5703,1121,104,828,3039,2005,5127.0,225,0.23582857142857142,0.3150571428571428,0.31994285714285714,0.635,229,186,5.867837837837838,1862,361,2,2,68,141,3544.3,3113,1657,1506,417.0,162.0,1205,3710,1.6994594594594594,0.23516216216216218,4033,12347,1650,3020,588,40,463,1685,1302,3233.0,116,0.25892499999999996,0.351225,0.43479999999999996,0.786025,80,78,5.54,1041,100,1,1,18,58,1481.4,1307,760,692,215.0,83.0,665,1471,1.5711538461538461,0.24465384615384614
260,3091,9946,1248,2400,459,72,312,1153,794,2712.0,89,0.2808787878787879,0.3413030303030303,0.45812121212121215,0.7994242424242425,111,104,2.555,515,304,2,1,8,12,1875.4,1731,933,872,258.0,77.0,559,1747,1.335,0.22405,3960,12796,1736,3165,634,40,472,1689,1361,3240.0,256,0.1895757575757576,0.26912121212121215,0.25572727272727275,0.5248484848484849,62,75,5.296296296296297,667,97,0,0,28,55,1097.8999999999999,990,602,544,155.0,43.0,492,1127,1.5318518518518518,0.23207407407407407
312,4023,13809,1710,3435,674,72,404,1615,1207,3384.0,151,0.20815151515151514,0.32093939393939397,0.3199393939393939,0.6408787878787879,220,225,9.83,1091,583,8,5,9,29,3770.6,3666,1941,1792,489.0,195.0,1283,3181,1.8665517241379308,0.23848275862068966,7832,26639,3568,6604,1363,113,999,3456,2338,6376.0,399,0.2319705882352941,0.2686764705882353,0.44867647058823534,0.7173529411764706,383,386,4.823235294117647,2737,973,7,4,54,128,7107.4,6912,3603,3333,899.0,300.0,2412,6619,1.601764705882353,0.2577647058823529
225,7577,23968,3136,5763,1168,77,860,3001,2499,6727.0,390,0.2156764705882353,0.29955882352941177,0.3878823529411765,0.6874411764705882,69,101,5.414285714285714,1073,117,1,1,27,77,1524.8999999999999,1304,816,748,210.0,74.0,793,1500,1.3596428571428572,0.20767857142857143,3091,9946,1248,2400,459,72,312,1153,794,2712.0,89,0.2808787878787879,0.3413030303030303,0.45812121212121215,0.7994242424242425,111,104,2.555,515,304,2,1,8,12,1875.4,1731,933,872,258.0,77.0,559,1747,1.335,0.22405
246,3091,9946,1248,2400,459,72,312,1153,794,2712.0,89,0.2808787878787879,0.3413030303030303,0.45812121212121215,0.7994242424242425,111,104,2.555,515,304,2,1,8,12,1875.4,1731,933,872,258.0,77.0,559,1747,1.335,0.22405,4188,13104,1740,3241,645,95,380,1623,1138,3193.0,347,0.2746486486486487,0.37545945945945947,0.4495405405405405,0.825,164,184,4.536296296296296,1528,368,2,0,55,118,3206.9,3051,1590,1466,396.0,136.0,1184,3073,1.4400000000000002,0.2273703703703704
25,3153,10370,1263,2585,527,40,340,1295,821,2322.0,94,0.145375,0.24575,0.22028125,0.46603125,86,91,4.5148,867,172,0,0,48,78,1674.8,1494,829,766,203.0,95.0,691,1731,1.4384000000000001,0.19872,3960,12796,1736,3165,634,40,472,1689,1361,3240.0,256,0.1895757575757576,0.26912121212121215,0.25572727272727275,0.5248484848484849,62,75,5.296296296296297,667,97,0,0,28,55,1097.8999999999999,990,602,544,155.0,43.0,492,1127,1.5318518518518518,0.23207407407407407
335,1260,3688,433,878,151,15,81,376,285,900.0,88,0.24058333333333332,0.3154444444444444,0.33955555555555555,0.6549999999999999,80,106,8.02375,601,234,12,4,22,37,1720.0,1512,820,732,209.0,87.0,667,1613,1.8429166666666668,0.21637499999999998,3105,9815,1271,2413,467,58,220,1040,852,2330.0,179,0.26259375,0.33553125,0.38,0.71553125,166,198,4.658095238095238,2274,244,2,1,126,205,3251.5,3049,1739,1579,385.0,224.0,1366,3323,1.4252380952380952,0.23133333333333336
396,4878,16791,2298,4251,857,81,710,2382,1606,4411.0,189,0.26233333333333336,0.3793666666666667,0.44126666666666664,0.8206333333333333,56,38,5.9123809523809525,563,73,3,2,5,17,981.6999999999999,997,512,474,128.0,55.0,320,899,1.9119047619047618,0.23347619047619045,7832,26639,3568,6604,1363,113,999,3456,2338,6376.0,399,0.2319705882352941,0.2686764705882353,0.44867647058823534,0.7173529411764706,383,386,4.823235294117647,2737,973,7,4,54,128,7107.4,6912,3603,3333,899.0,300.0,2412,6619,1.601764705882353,0.2577647058823529
187,5769,19521,2765,4840,1039,87,760,2657,2460,3799.0,423,0.22316666666666668,0.3619444444444444,0.4385,0.8004444444444444,130,182,2.810769230769231,694,446,2,1,3,8,2642.8,2579,1473,1412,435.0,106.0,1022,2459,1.3853846153846154,0.1793076923076923,4023,13809,1710,3435,674,72,404,1615,1207,3384.0,151,0.20815151515151514,0.32093939393939397,0.3199393939393939,0.6408787878787879,220,225,9.83,1091,583,8,5,9,29,3770.6,3666,1941,1792,489.0,195.0,1283,3181,1.8665517241379308,0.23848275862068966
27,3153,10370,1263,2585,527,40,340,1295,821,2322.0,94,0.145375,0.24575,0.22028125,0.46603125,86,91,4.5148,867,172,0,0,48,78,1674.8,1494,829,766,203.0,95.0,691,1731,1.4384000000000001,0.19872,4260,14253,1887,3744,726,42,430,1757,1182,2865.0,302,0.30278125,0.37728125,0.41431250000000003,0.79159375,84,79,5.423809523809524,1058,63,0,0,59,112,1318.7,1097,607,544,193.0,63.0,374,1407,1.3823809523809525,0.21733333333333332
110,3645,12224,1835,3093,677,61,536,1766,1358,3113.0,268,0.23044444444444445,0.3387037037037037,0.35374074074074074,0.6924444444444445,119,139,11.888571428571428,1225,236,2,1,28,66,2256.2,2171,1198,1090,259.0,143.0,949,2193,2.1295238095238096,0.25723809523809527,5288,16337,2251,4044,807,86,502,1986,1778,4378.0,432,0.28963636363636364,0.39524242424242423,0.45042424242424245,0.8456666666666667,397,379,4.081891891891892,3368,814,8,3,167,274,7027.4,6513,3504,3230,929.0,263.0,2433,6785,1.1608108108108108,0.19954054054054055
160,4458,14358,1951,3558,737,84,466,1789,1272,3653.0,309,0.1933,0.273525,0.329625,0.6031500000000001,328,339,4.760000000000001,3640,465,3,1,223,389,5813.3,5511,2871,2607,749.0,299.0,2056,5592,1.358148148148148,0.25607407407407407,4672,14729,1886,3584,736,67,494,1911,1264,4259.0,253,0.2241590909090909,0.2825,0.3693181818181818,0.6518181818181819,287,309,3.572058823529412,2009,676,5,2,89,163,5105.5,5276,2819,2638,689.0,215.0,1787,4263,1.3908823529411765,0.21244117647058824
240,7577,23968,3136,5763,1168,77,860,3001,2499,6727.0,390,0.2156764705882353,0.29955882352941177,0.3878823529411765,0.6874411764705882,69,101,5.414285714285714,1073,117,1,1,27,77,1524.8999999999999,1304,816,748,210.0,74.0,793,1500,1.3596428571428572,0.20767857142857143,3122,10740,1483,2817,564,49,478,1625,948,2378.0,105,0.20673333333333332,0.3202666666666667,0.36743333333333333,0.6877,237,251,7.533793103448277,1594,527,4,3,102,164,4023.8,3974,2053,1907,547.0,152.0,1256,3521,2.110689655172414,0.27782758620689657
173,4458,14358,1951,3558,737,84,466,1789,1272,3653.0,309,0.1933,0.273525,0.329625,0.6031500000000001,328,339,4.760000000000001,3640,465,3,1,223,389,5813.3,5511,2871,2607,749.0,299.0,2056,5592,1.358148148148148,0.25607407407407407,3105,9815,1271,2413,467,58,220,1040,852,2330.0,179,0.26259375,0.33553125,0.38,0.71553125,166,198,4.658095238095238,2274,244,2,1,126,205,3251.5,3049,1739,1579,385.0,224.0,1366,3323,1.4252380952380952,0.23133333333333336
73,6488,22010,2964,5703,1121,104,828,3039,2005,5127.0,225,0.23582857142857142,0.3150571428571428,0.31994285714285714,0.635,229,186,5.867837837837838,1862,361,2,2,68,141,3544.3,3113,1657,1506,417.0,162.0,1205,3710,1.6994594594594594,0.23516216216216218,5173,17617,2686,4616,949,80,778,2588,2041,4610.0,460,0.25245454545454543,0.33196969696969697,0.38663636363636367,0.7186060606060606,313,336,4.427083333333333,1515,833,19,8,14,33,5411.2,5188,2672,2480,642.0,214.0,1847,5371,1.45875,0.25533333333333336
109,5837,19035,2601,4691,920,102,743,2573,1831,4965.0,266,0.23971428571428574,0.3502285714285714,0.3880857142857143,0.7383142857142857,273,289,5.2318181818181815,2047,606,4,3,121,178,4716.099999999999,4393,2395,2174,520.0,289.0,1869,4552,1.5618181818181818,0.22577272727272726,2869,9622,1172,2440,463,41,258,1105,773,2115.0,239,0.2782222222222222,0.3437777777777778,0.43437037037037035,0.7781481481481483,104,118,5.599090909090909,698,290,1,1,15,41,1943.1999999999998,1940,1041,966,273.0,83.0,692,1675,1.6018181818181818,0.2529090909090909
123,3645,12224,1835,3093,677,61,536,1766,1358,3113.0,268,0.23044444444444445,0.3387037037037037,0.35374074074074074,0.6924444444444445,119,139,11.888571428571428,1225,236,2,1,28,66,2256.2,2171,1198,1090,259.0,143.0,949,2193,2.1295238095238096,0.25723809523809527,5830,20467,3227,5386,1047,77,990,3023,2479,4507.0,365,0.1837272727272727,0.2634090909090909,0.29227272727272724,0.5556818181818182,99,84,6.430294117647058,1194,47,0,0,92,160,1560.5,1400,810,746,181.0,92.0,675,1564,1.6088235294117648,0.2698235294117647
134,3645,12224,1835,3093,677,61,536,1766,1358,3113.0,268,0.23044444444444445,0.3387037037037037,0.35374074074074074,0.6924444444444445,119,139,11.888571428571428,1225,236,2,1,28,66,2256.2,2171,1198,1090,259.0,143.0,949,2193,2.1295238095238096,0.25723809523809527,2869,9622,1172,2440,463,41,258,1105,773,2115.0,239,0.2782222222222222,0.3437777777777778,0.43437037037037035,0.7781481481481483,104,118,5.599090909090909,698,290,1,1,15,41,1943.1999999999998,1940,1041,966,273.0,83.0,692,1675,1.6018181818181818,0.2529090909090909
208,4672,14729,1886,3584,736,67,494,1911,1264,4259.0,253,0.2241590909090909,0.2825,0.3693181818181818,0.6518181818181819,287,309,3.572058823529412,2009,676,5,2,89,163,5105.5,5276,2819,2638,689.0,215.0,1787,4263,1.3908823529411765,0.21244117647058824,4023,13809,1710,3435,674,72,404,1615,1207,3384.0,151,0.20815151515151514,0.32093939393939397,0.3199393939393939,0.6408787878787879,220,225,9.83,1091,583,8,5,9,29,3770.6,3666,1941,1792,489.0,195.0,1283,3181,1.8665517241379308,0.23848275862068966
146,5288,16337,2251,4044,807,86,502,1986,1778,4378.0,432,0.28963636363636364,0.39524242424242423,0.45042424242424245,0.8456666666666667,397,379,4.081891891891892,3368,814,8,3,167,274,7027.4,6513,3504,3230,929.0,263.0,2433,6785,1.1608108108108108,0.19954054054054055,5063,17139,2331,4369,896,60,672,2339,1555,4311.0,198,0.15724242424242424,0.27454545454545454,0.2493030303030303,0.5238484848484848,55,74,5.291111111111111,816,79,0,0,68,94,1221.6,1208,670,593,173.0,63.0,417,1259,1.5388888888888888,0.21144444444444443
352,3460,11163,1505,2710,542,42,442,1533,1204,3344.0,230,0.18175,0.24475,0.2927777777777778,0.5375277777777777,48,53,6.576,476,63,0,0,9,32,790.6,739,441,393,104.0,43.0,331,746,1.8242857142857143,0.20405714285714285,3122,10740,1483,2817,564,49,478,1625,948,2378.0,105,0.20673333333333332,0.3202666666666667,0.36743333333333333,0.6877,237,251,7.533793103448277,1594,527,4,3,102,164,4023.8,3974,2053,1907,547.0,152.0,1256,3521,2.110689655172414,0.27782758620689657
119,3645,12224,1835,3093,677,61,536,1766,1358,3113.0,268,0.23044444444444445,0.3387037037037037,0.35374074074074074,0.6924444444444445,119,139,11.888571428571428,1225,236,2,1,28,66,2256.2,2171,1198,1090,259.0,143.0,949,2193,2.1295238095238096,0.25723809523809527,5923,19081,3144,4831,1044,81,868,2787,2462,4550.0,296,0.21283333333333332,0.3476,0.32703333333333334,0.6746333333333333,361,283,4.6284210526315785,3233,519,1,1,307,438,5420.400000000001,4435,2336,2143,593.0,191.0,2195,6212,1.726842105263158,0.2311315789473684
158,5288,16337,2251,4044,807,86,502,1986,1778,4378.0,432,0.28963636363636364,0.39524242424242423,0.45042424242424245,0.8456666666666667,397,379,4.081891891891892,3368,814,8,3,167,274,7027.4,6513,3504,3230,929.0,263.0,2433,6785,1.1608108108108108,0.19954054054054055,2869,9622,1172,2440,463,41,258,1105,773,2115.0,239,0.2782222222222222,0.3437777777777778,0.43437037037037035,0.7781481481481483,104,118,5.599090909090909,698,290,1,1,15,41,1943.1999999999998,1940,1041,966,273.0,83.0,692,1675,1.6018181818181818,0.2529090909090909
100,5837,19035,2601,4691,920,102,743,2573,1831,4965.0,266,0.23971428571428574,0.3502285714285714,0.3880857142857143,0.7383142857142857,273,289,5.2318181818181815,2047,606,4,3,121,178,4716.099999999999,4393,2395,2174,520.0,289.0,1869,4552,1.5618181818181818,0.22577272727272726,4878,16791,2298,4251,857,81,710,2382,1606,4411.0,189,0.26233333333333336,0.3793666666666667,0.44126666666666664,0.8206333333333333,56,38,5.9123809523809525,563,73,3,2,5,17,981.6999999999999,997,512,474,128.0,55.0,320,899,1.9119047619047618,0.23347619047619045
291,4188,13104,1740,3241,645,95,380,1623,1138,3193.0,347,0.2746486486486487,0.37545945945945947,0.4495405405405405,0.825,164,184,4.536296296296296,1528,368,2,0,55,118,3206.9,3051,1590,1466,396.0,136.0,1184,3073,1.4400000000000002,0.2273703703703704,7295,25184,3285,6588,1349,100,849,3236,2166,5130.0,256,0.2610277777777778,0.35644444444444445,0.35891666666666666,0.7153611111111111,64,60,4.833793103448276,855,84,0,0,8,32,1252.3999999999999,1201,668,613,157.0,80.0,474,1167,1.5079310344827586,0.22255172413793103
89,5837,19035,2601,4691,920,102,743,2573,1831,4965.0,266,0.23971428571428574,0.3502285714285714,0.3880857142857143,0.7383142857142857,273,289,5.2318181818181815,2047,606,4,3,121,178,4716.099999999999,4393,2395,2174,520.0,289.0,1869,4552,1.5618181818181818,0.22577272727272726,7577,23968,3136,5763,1168,77,860,3001,2499,6727.0,390,0.2156764705882353,0.29955882352941177,0.3878823529411765,0.6874411764705882,69,101,5.414285714285714,1073,117,1,1,27,77,1524.8999999999999,1304,816,748,210.0,74.0,793,1500,1.3596428571428572,0.20767857142857143
82,6488,22010,2964,5703,1121,104,828,3039,2005,5127.0,225,0.23582857142857142,0.3150571428571428,0.31994285714285714,0.635,229,186,5.867837837837838,1862,361,2,2,68,141,3544.3,3113,1657,1506,417.0,162.0,1205,3710,1.6994594594594594,0.23516216216216218,4260,14253,1887,3744,726,42,430,1757,1182,2865.0,302,0.30278125,0.37728125,0.41431250000000003,0.79159375,84,79,5.423809523809524,1058,63,0,0,59,112,1318.7,1097,607,544,193.0,63.0,374,1407,1.3823809523809525,0.21733333333333332
269,4033,12347,1650,3020,588,40,463,1685,1302,3233.0,116,0.25892499999999996,0.351225,0.43479999999999996,0.786025,80,78,5.54,1041,100,1,1,18,58,1481.4,1307,760,692,215.0,83.0,665,1471,1.5711538461538461,0.24465384615384614,5063,17139,2331,4369,896,60,672,2339,1555,4311.0,198,0.15724242424242424,0.27454545454545454,0.2493030303030303,0.5238484848484848,55,74,5.291111111111111,816,79,0,0,68,94,1221.6,1208,670,593,173.0,63.0,417,1259,1.5388888888888888,0.21144444444444443
204,4672,14729,1886,3584,736,67,494,1911,1264,4259.0,253,0.2241590909090909,0.2825,0.3693181818181818,0.6518181818181819,287,309,3.572058823529412,2009,676,5,2,89,163,5105.5,5276,2819,2638,689.0,215.0,1787,4263,1.3908823529411765,0.21244117647058824,7577,23968,3136,5763,1168,77,860,3001,2499,6727.0,390,0.2156764705882353,0.29955882352941177,0.3878823529411765,0.6874411764705882,69,101,5.414285714285714,1073,117,1,1,27,77,1524.8999999999999,1304,816,748,210.0,74.0,793,1500,1.3596428571428572,0.20767857142857143
104,5837,19035,2601,4691,920,102,743,2573,1831,4965.0,266,0.23971428571428574,0.3502285714285714,0.3880857142857143,0.7383142857142857,273,289,5.2318181818181815,2047,606,4,3,121,178,4716.099999999999,4393,2395,2174,520.0,289.0,1869,4552,1.5618181818181818,0.22577272727272726,6763,21961,3045,5338,1151,100,880,2887,2260,5770.0,222,0.235,0.33784615384615385,0.39256410256410257,0.7304102564102565,227,202,3.7483333333333335,1360,509,4,3,110,146,3736.9,3444,1788,1644,455.0,149.0,1400,4018,1.2756666666666665,0.21786666666666665
373,5830,20467,3227,5386,1047,77,990,3023,2479,4507.0,365,0.1837272727272727,0.2634090909090909,0.29227272727272724,0.5556818181818182,99,84,6.430294117647058,1194,47,0,0,92,160,1560.5,1400,810,746,181.0,92.0,675,1564,1.6088235294117648,0.2698235294117647,4718,15948,2260,3918,801,62,624,2120,1606,4300.0,365,0.27075,0.35655000000000003,0.48557500000000003,0.842125,273,273,7.626744186046511,2043,627,5,2,132,184,4949.2,4547,2438,2245,620.0,189.0,1775,4796,1.9848837209302324,0.24741860465116278
384,5173,17617,2686,4616,949,80,778,2588,2041,4610.0,460,0.25245454545454543,0.33196969696969697,0.38663636363636367,0.7186060606060606,313,336,4.427083333333333,1515,833,19,8,14,33,5411.2,5188,2672,2480,642.0,214.0,1847,5371,1.45875,0.25533333333333336,6763,21961,3045,5338,1151,100,880,2887,2260,5770.0,222,0.235,0.33784615384615385,0.39256410256410257,0.7304102564102565,227,202,3.7483333333333335,1360,509,4,3,110,146,3736.9,3444,1788,1644,455.0,149.0,1400,4018,1.2756666666666665,0.21786666666666665
74,6488,22010,2964,5703,1121,104,828,3039,2005,5127.0,225,0.23582857142857142,0.3150571428571428,0.31994285714285714,0.635,229,186,5.867837837837838,1862,361,2,2,68,141,3544.3,3113,1657,1506,417.0,162.0,1205,3710,1.6994594594594594,0.23516216216216218,4878,16791,2298,4251,857,81,710,2382,1606,4411.0,189,0.26233333333333336,0.3793666666666667,0.44126666666666664,0.8206333333333333,56,38,5.9123809523809525,563,73,3,2,5,17,981.6999999999999,997,512,474,128.0,55.0,320,899,1.9119047619047618,0.23347619047619045
118,3645,12224,1835,3093,677,61,536,1766,1358,3113.0,268,0.23044444444444445,0.3387037037037037,0.35374074074074074,0.6924444444444445,119,139,11.888571428571428,1225,236,2,1,28,66,2256.2,2171,1198,1090,259.0,143.0,949,2193,2.1295238095238096,0.25723809523809527,4023,13809,1710,3435,674,72,404,1615,1207,3384.0,151,0.20815151515151514,0.32093939393939397,0.3199393939393939,0.6408787878787879,220,225,9.83,1091,583,8,5,9,29,3770.6,3666,1941,1792,489.0,195.0,1283,3181,1.8665517241379308,0.23848275862068966
418,4718,15948,2260,3918,801,62,624,2120,1606,4300.0,365,0.27075,0.35655000000000003,0.48557500000000003,0.842125,273,273,7.626744186046511,2043,627,5,2,132,184,4949.2,4547,2438,2245,620.0,189.0,1775,4796,1.9848837209302324,0.24741860465116278,4260,14253,1887,3744,726,42,430,1757,1182,2865.0,302,0.30278125,0.37728125,0.41431250000000003,0.79159375,84,79,5.423809523809524,1058,63,0,0,59,112,1318.7,1097,607,544,193.0,63.0,374,1407,1.3823809523809525,0.21733333333333332
141,5288,16337,2251,4044,807,86,502,1986,1778,4378.0,432,0.28963636363636364,0.39524242424242423,0.45042424242424245,0.8456666666666667,397,379,4.081891891891892,3368,814,8,3,167,274,7027.4,6513,3504,3230,929.0,263.0,2433,6785,1.1608108108108108,0.19954054054054055,4188,13104,1740,3241,645,95,380,1623,1138,3193.0,347,0.2746486486486487,0.37545945945945947,0.4495405405405405,0.825,164,184,4.536296296296296,1528,368,2,0,55,118,3206.9,3051,1590,1466,396.0,136.0,1184,3073,1.4400000000000002,0.2273703703703704
389,5173,17617,2686,4616,949,80,778,2588,2041,4610.0,460,0.25245454545454543,0.33196969696969697,0.38663636363636367,0.7186060606060606,313,336,4.427083333333333,1515,833,19,8,14,33,5411.2,5188,2672,2480,642.0,214.0,1847,5371,1.45875,0.25533333333333336,2869,9622,1172,2440,463,41,258,1105,773,2115.0,239,0.2782222222222222,0.3437777777777778,0.43437037037037035,0.7781481481481483,104,118,5.599090909090909,698,290,1,1,15,41,1943.1999999999998,1940,1041,966,273.0,83.0,692,1675,1.6018181818181818,0.2529090909090909
49,7248,24283,3224,6139,1190,69,1064,3419,2326,6370.0,165,0.15056818181818182,0.24988636363636366,0.20911363636363636,0.459,413,388,4.671111111111111,3549,749,19,5,67,179,7052.0,6352,3450,3182,879.0,359.0,2711,7490,1.4507407407407409,0.23081481481481483,7295,25184,3285,6588,1349,100,849,3236,2166,5130.0,256,0.2610277777777778,0.35644444444444445,0.35891666666666666,0.7153611111111111,64,60,4.833793103448276,855,84,0,0,8,32,1252.3999999999999,1201,668,613,157.0,80.0,474,1167,1.5079310344827586,0.22255172413793103
278,4033,12347,1650,3020,588,40,463,1685,1302,3233.0,116,0.25892499999999996,0.351225,0.43479999999999996,0.786025,80,78,5.54,1041,100,1,1,18,58,1481.4,1307,760,692,215.0,83.0,665,1471,1.5711538461538461,0.24465384615384614,3960,12796,1736,3165,634,40,472,1689,1361,3240.0,256,0.1895757575757576,0.26912121212121215,0.25572727272727275,0.5248484848484849,62,75,5.296296296296297,667,97,0,0,28,55,1097.8999999999999,990,602,544,155.0,43.0,492,1127,1.5318518518518518,0.23207407407407407
332,1260,3688,433,878,151,15,81,376,285,900.0,88,0.24058333333333332,0.3154444444444444,0.33955555555555555,0.6549999999999999,80,106,8.02375,601,234,12,4,22,37,1720.0,1512,820,732,209.0,87.0,667,1613,1.8429166666666668,0.21637499999999998,5830,20467,3227,5386,1047,77,990,3023,2479,4507.0,365,0.1837272727272727,0.2634090909090909,0.29227272727272724,0.5556818181818182,99,84,6.430294117647058,1194,47,0,0,92,160,1560.5,1400,810,746,181.0,92.0,675,1564,1.6088235294117648,0.2698235294117647
259,3091,9946,1248,2400,459,72,312,1153,794,2712.0,89,0.2808787878787879,0.3413030303030303,0.45812121212121215,0.7994242424242425,111,104,2.555,515,304,2,1,8,12,1875.4,1731,933,872,258.0,77.0,559,1747,1.335,0.22405,3122,10740,1483,2817,564,49,478,1625,948,2378.0,105,0.20673333333333332,0.3202666666666667,0.36743333333333333,0.6877,237,251,7.533793103448277,1594,527,4,3,102,164,4023.8,3974,2053,1907,547.0,152.0,1256,3521,2.110689655172414,0.27782758620689657
130,3645,12224,1835,3093,677,61,536,1766,1358,3113.0,268,0.23044444444444445,0.3387037037037037,0.35374074074074074,0.6924444444444445,119,139,11.888571428571428,1225,236,2,1,28,66,2256.2,2171,1198,1090,259.0,143.0,949,2193,2.1295238095238096,0.25723809523809527,3122,10740,1483,2817,564,49,478,1625,948,2378.0,105,0.20673333333333332,0.3202666666666667,0.36743333333333333,0.6877,237,251,7.533793103448277,1594,527,4,3,102,164,4023.8,3974,2053,1907,547.0,152.0,1256,3521,2.110689655172414,0.27782758620689657
241,7577,23968,3136,5763,1168,77,860,3001,2499,6727.0,390,0.2156764705882353,0.29955882352941177,0.3878823529411765,0.6874411764705882,69,101,5.414285714285714,1073,117,1,1,27,77,1524.8999999999999,1304,816,748,210.0,74.0,793,1500,1.3596428571428572,0.20767857142857143,3960,12796,1736,3165,634,40,472,1689,1361,3240.0,256,0.1895757575757576,0.26912121212121215,0.25572727272727275,0.5248484848484849,62,75,5.296296296296297,667,97,0,0,28,55,1097.8999999999999,990,602,544,155.0,43.0,492,1127,1.5318518518518518,0.23207407407407407
253,3091,9946,1248,2400,459,72,312,1153,794,2712.0,89,0.2808787878787879,0.3413030303030303,0.45812121212121215,0.7994242424242425,111,104,2.555,515,304,2,1,8,12,1875.4,1731,933,872,258.0,77.0,559,1747,1.335,0.22405,5173,17617,2686,4616,949,80,778,2588,2041,4610.0,460,0.25245454545454543,0.33196969696969697,0.38663636363636367,0.7186060606060606,313,336,4.427083333333333,1515,833,19,8,14,33,5411.2,5188,2672,2480,642.0,214.0,1847,5371,1.45875,0.25533333333333336
390,4878,16791,2298,4251,857,81,710,2382,1606,4411.0,189,0.26233333333333336,0.3793666666666667,0.44126666666666664,0.8206333333333333,56,38,5.9123809523809525,563,73,3,2,5,17,981.6999999999999,997,512,474,128.0,55.0,320,899,1.9119047619047618,0.23347619047619045,3105,9815,1271,2413,467,58,220,1040,852,2330.0,179,0.26259375,0.33553125,0.38,0.71553125,166,198,4.658095238095238,2274,244,2,1,126,205,3251.5,3049,1739,1579,385.0,224.0,1366,3323,1.4252380952380952,0.23133333333333336
155,5288,16337,2251,4044,807,86,502,1986,1778,4378.0,432,0.28963636363636364,0.39524242424242423,0.45042424242424245,0.8456666666666667,397,379,4.081891891891892,3368,814,8,3,167,274,7027.4,6513,3504,3230,929.0,263.0,2433,6785,1.1608108108108108,0.19954054054054055,3960,12796,1736,3165,634,40,472,1689,1361,3240.0,256,0.1895757575757576,0.26912121212121215,0.25572727272727275,0.5248484848484849,62,75,5.296296296296297,667,97,0,0,28,55,1097.8999999999999,990,602,544,155.0,43.0,492,1127,1.5318518518518518,0.23207407407407407
331,1260,3688,433,878,151,15,81,376,285,900.0,88,0.24058333333333332,0.3154444444444444,0.33955555555555555,0.6549999999999999,80,106,8.02375,601,234,12,4,22,37,1720.0,1512,820,732,209.0,87.0,667,1613,1.8429166666666668,0.21637499999999998,5063,17139,2331,4369,896,60,672,2339,1555,4311.0,198,0.15724242424242424,0.27454545454545454,0.2493030303030303,0.5238484848484848,55,74,5.291111111111111,816,79,0,0,68,94,1221.6,1208,670,593,173.0,63.0,417,1259,1.5388888888888888,0.21144444444444443
